order_id,product_category,quantity,revenue,order_date,region
ORD001000,Home & Garden,3,378.42,2024-05-18,South
ORD001001,Books,3,91.83,2024-03-31,North
ORD001002,Clothing,3,164.71,2024-04-04,East
ORD001003,Electronics,1,359.84,2024-12-19,West
ORD001004,Books,1,23.12,2024-10-25,North
ORD001005,Clothing,1,35.44,2024-08-14,East
ORD001006,Clothing,1,54.97,2024-05-12,West
ORD001007,Sports & Outdoors,2,241.27,2024-09-17,North
ORD001008,Home & Garden,2,235.93,2024-09-19,North
ORD001009,Sports & Outdoors,5,262.1,2024-11-01,North
ORD001010,Home & Garden,2,92.45,2024-12-02,North
ORD001011,Electronics,2,138.85,2024-08-03,West
ORD001012,Electronics,3,1286.16,2024-07-18,South
ORD001013,Home & Garden,4,193.48,2024-06-01,South
ORD001014,Home & Garden,4,520.11,2024-10-10,North
ORD001015,Books,5,105.23,2024-07-20,West
ORD001016,Sports & Outdoors,4,305.85,2024-08-28,West
ORD001017,Electronics,5,2044.41,2024-09-18,North
ORD001018,Sports & Outdoors,5,376.9,2024-03-25,North
ORD001019,Books,2,61.57,2024-05-18,North
ORD001020,Clothing,3,210.36,2024-10-23,South
ORD001021,Books,3,61.48,2024-08-10,East
ORD001022,Electronics,1,100.26,2024-07-13,North
ORD001023,Home & Garden,1,18.44,2024-03-28,North
ORD001024,Home & Garden,1,107.39,2024-06-09,North
ORD001025,Home & Garden,2,109.69,2024-11-18,South
ORD001026,Home & Garden,2,68.52,2024-04-15,South
ORD001027,Books,5,140.05,2024-04-27,West
ORD001028,Home & Garden,4,570.01,2024-05-11,North
ORD001029,Home & Garden,4,557.11,2024-08-05,South
ORD001030,Home & Garden,4,452.0,2024-01-29,North
ORD001031,Home & Garden,4,281.87,2024-04-04,West
ORD001032,Books,3,66.51,2024-07-30,North
ORD001033,Clothing,2,81.02,2024-10-07,East
ORD001034,Home & Garden,1,112.19,2024-12-23,West
ORD001035,Sports & Outdoors,3,119.35,2024-04-27,North
ORD001036,Sports & Outdoors,1,65.75,2024-11-01,South
ORD001037,Books,1,34.06,2024-12-07,North
ORD001038,Electronics,5,1346.11,2024-07-04,South
ORD001039,Home & Garden,2,205.19,2024-02-01,South
ORD001040,Sports & Outdoors,1,104.11,2024-02-19,East
ORD001041,Electronics,5,2231.58,2024-09-30,North
ORD001042,Electronics,3,945.02,2024-05-14,West
ORD001043,Books,3,69.88,2024-02-09,East
ORD001044,Home & Garden,2,238.36,2024-02-16,South
ORD001045,Home & Garden,5,335.47,2024-12-14,South
ORD001046,Books,2,66.23,2024-01-25,East
ORD001047,Electronics,4,1700.18,2024-07-25,South
ORD001048,Clothing,2,82.97,2024-04-04,South
ORD001049,Home & Garden,2,111.68,2024-07-16,South
ORD001050,Home & Garden,4,198.52,2024-01-14,South
ORD001051,Clothing,4,312.3,2024-06-01,South
ORD001052,Sports & Outdoors,3,151.51,2024-07-29,West
ORD001053,Sports & Outdoors,4,412.07,2024-04-06,South
ORD001054,Books,5,140.06,2024-04-24,North
ORD001055,Home & Garden,5,124.67,2024-05-17,East
ORD001056,Home & Garden,3,218.81,2024-05-02,East
ORD001057,Home & Garden,2,134.86,2024-12-21,North
ORD001058,Clothing,1,36.46,2024-07-08,East
ORD001059,Sports & Outdoors,2,191.16,2024-04-22,East
ORD001060,Home & Garden,5,321.13,2024-11-02,East
ORD001061,Electronics,1,130.33,2024-08-12,West
ORD001062,Sports & Outdoors,1,87.14,2024-01-21,North
ORD001063,Sports & Outdoors,2,79.28,2024-09-16,North
ORD001064,Books,3,82.08,2024-02-28,North
ORD001065,Clothing,5,217.13,2024-11-17,West
ORD001066,Books,1,32.9,2024-08-18,East
ORD001067,Books,4,48.83,2024-02-09,South
ORD001068,Sports & Outdoors,5,331.83,2024-10-16,South
ORD001069,Clothing,2,66.1,2024-02-18,West
ORD001070,Clothing,4,271.3,2024-12-31,West
ORD001071,Sports & Outdoors,2,176.34,2024-03-12,South
ORD001072,Sports & Outdoors,2,262.44,2024-11-24,East
ORD001073,Books,4,140.62,2024-11-17,East
ORD001074,Electronics,4,1221.64,2024-12-28,West
ORD001075,Clothing,1,39.88,2024-07-27,East
ORD001076,Books,3,55.88,2024-11-14,South
ORD001077,Home & Garden,3,49.08,2024-01-23,East
ORD001078,Electronics,5,1191.32,2024-09-30,West
ORD001079,Electronics,2,762.17,2024-07-26,East
ORD001080,Books,3,57.7,2024-07-17,East
ORD001081,Books,5,144.48,2024-09-11,West
ORD001082,Books,2,79.19,2024-03-04,South
ORD001083,Home & Garden,5,514.87,2024-10-14,South
ORD001084,Books,2,59.99,2024-04-08,North
ORD001085,Clothing,5,454.46,2024-12-12,North
ORD001086,Books,1,38.2,2024-05-19,West
ORD001087,Clothing,3,219.68,2024-05-13,East
ORD001088,Home & Garden,2,131.37,2024-08-20,South
ORD001089,Home & Garden,5,141.66,2024-10-17,West
ORD001090,Sports & Outdoors,4,281.45,2024-04-20,North
ORD001091,Clothing,3,127.42,2024-05-24,North
ORD001092,Home & Garden,4,127.84,2024-03-14,South
ORD001093,Books,2,70.43,2024-12-10,North
ORD001094,Clothing,1,25.86,2024-09-17,South
ORD001095,Electronics,4,1438.32,2024-10-07,North
ORD001096,Books,3,41.63,2024-03-13,North
ORD001097,Home & Garden,2,226.05,2024-10-26,East
ORD001098,Electronics,4,622.31,2024-10-07,West
ORD001099,Clothing,2,46.02,2024-05-20,South
ORD001100,Clothing,4,268.03,2024-09-07,North
ORD001101,Home & Garden,4,366.16,2024-04-11,South
ORD001102,Books,1,38.99,2024-09-30,East
ORD001103,Home & Garden,4,243.36,2024-02-19,West
ORD001104,Home & Garden,2,126.75,2024-04-03,North
ORD001105,Home & Garden,3,408.32,2024-10-01,West
ORD001106,Books,2,58.12,2024-12-19,South
ORD001107,Electronics,5,1299.24,2024-04-19,North
ORD001108,Clothing,4,365.85,2024-12-03,South
ORD001109,Clothing,1,46.53,2024-04-13,South
ORD001110,Sports & Outdoors,1,95.65,2024-07-28,South
ORD001111,Clothing,2,146.29,2024-12-14,South
ORD001112,Books,3,30.17,2024-02-26,North
ORD001113,Electronics,3,1276.97,2024-08-27,South
ORD001114,Electronics,2,312.44,2024-04-03,North
ORD001115,Books,2,65.95,2024-09-29,West
ORD001116,Home & Garden,2,127.26,2024-11-28,South
ORD001117,Sports & Outdoors,2,164.57,2024-04-03,West
ORD001118,Home & Garden,2,159.92,2024-07-26,East
ORD001119,Sports & Outdoors,1,71.92,2024-07-04,North
ORD001120,Home & Garden,3,126.12,2024-08-31,South
ORD001121,Clothing,2,40.61,2024-11-16,South
ORD001122,Home & Garden,2,51.06,2024-08-29,East
ORD001123,Books,4,113.42,2024-02-27,West
ORD001124,Books,5,160.01,2024-03-17,North
ORD001125,Sports & Outdoors,2,52.3,2024-11-28,West
ORD001126,Home & Garden,4,543.57,2024-03-26,West
ORD001127,Clothing,5,487.74,2024-01-10,South
ORD001128,Sports & Outdoors,2,88.4,2024-11-07,North
ORD001129,Electronics,3,1333.37,2024-01-04,South
ORD001130,Clothing,5,254.34,2024-06-19,South
ORD001131,Electronics,4,1645.84,2024-10-14,South
ORD001132,Books,2,53.82,2024-01-22,North
ORD001133,Home & Garden,2,155.67,2024-05-06,East
ORD001134,Sports & Outdoors,5,741.4,2024-02-20,East
ORD001135,Electronics,2,643.2,2024-08-02,West
ORD001136,Electronics,4,1728.94,2024-12-29,East
ORD001137,Electronics,4,1268.61,2024-03-21,East
ORD001138,Electronics,2,880.23,2024-06-21,West
ORD001139,Clothing,1,87.79,2024-05-28,East
ORD001140,Books,5,160.35,2024-01-10,East
ORD001141,Home & Garden,1,81.51,2024-03-29,North
ORD001142,Home & Garden,3,245.13,2024-05-17,East
ORD001143,Sports & Outdoors,1,69.46,2024-12-14,East
ORD001144,Electronics,4,614.38,2024-10-31,North
ORD001145,Clothing,2,58.85,2024-04-06,East
ORD001146,Home & Garden,1,17.93,2024-02-24,West
ORD001147,Sports & Outdoors,5,721.34,2024-08-20,East
ORD001148,Books,3,95.17,2024-06-20,South
ORD001149,Home & Garden,3,197.45,2024-09-21,South
ORD001150,Books,4,88.85,2024-02-11,South
ORD001151,Electronics,3,919.18,2024-04-16,North
ORD001152,Books,3,116.69,2024-04-23,East
ORD001153,Home & Garden,4,91.75,2024-08-20,East
ORD001154,Sports & Outdoors,4,587.13,2024-10-30,West
ORD001155,Electronics,5,1775.85,2024-05-08,North
ORD001156,Sports & Outdoors,4,207.13,2024-07-25,East
ORD001157,Electronics,1,356.64,2024-07-05,East
ORD001158,Electronics,2,978.31,2024-03-08,East
ORD001159,Books,5,55.14,2024-08-03,East
ORD001160,Electronics,4,1307.83,2024-04-28,South
ORD001161,Books,4,159.03,2024-09-16,West
ORD001162,Sports & Outdoors,2,44.98,2024-11-13,South
ORD001163,Electronics,1,283.16,2024-12-23,South
ORD001164,Books,4,40.63,2024-05-04,North
ORD001165,Electronics,2,191.11,2024-01-16,South
ORD001166,Clothing,5,433.45,2024-01-01,North
ORD001167,Sports & Outdoors,1,138.95,2024-08-06,East
ORD001168,Clothing,2,103.4,2024-05-23,North
ORD001169,Clothing,2,118.9,2024-08-27,North
ORD001170,Books,4,60.4,2024-02-11,South
ORD001171,Books,2,24.03,2024-09-13,South
ORD001172,Sports & Outdoors,3,197.79,2024-07-09,West
ORD001173,Electronics,2,264.67,2024-06-20,South
ORD001174,Electronics,4,312.08,2024-12-08,East
ORD001175,Sports & Outdoors,3,71.66,2024-06-26,East
ORD001176,Sports & Outdoors,3,93.32,2024-01-07,North
ORD001177,Sports & Outdoors,2,271.16,2024-12-23,West
ORD001178,Books,3,87.11,2024-12-05,North
ORD001179,Electronics,3,1252.24,2024-08-14,East
ORD001180,Sports & Outdoors,3,179.2,2024-09-02,North
ORD001181,Home & Garden,4,215.26,2024-05-16,East
ORD001182,Books,5,93.81,2024-03-29,West
ORD001183,Clothing,2,165.23,2024-12-29,South
ORD001184,Sports & Outdoors,2,246.71,2024-01-31,West
ORD001185,Home & Garden,4,323.08,2024-11-07,East
ORD001186,Electronics,5,1121.6,2024-03-26,North
ORD001187,Books,2,68.55,2024-11-20,East
ORD001188,Clothing,4,235.0,2024-02-18,South
ORD001189,Clothing,2,173.3,2024-01-02,South
ORD001190,Clothing,5,477.33,2024-07-13,South
ORD001191,Clothing,4,258.63,2024-06-07,East
ORD001192,Sports & Outdoors,3,250.85,2024-11-05,West
ORD001193,Books,2,22.6,2024-02-09,North
ORD001194,Sports & Outdoors,3,147.94,2024-08-29,South
ORD001195,Clothing,5,397.0,2024-06-11,South
ORD001196,Sports & Outdoors,4,137.9,2024-07-19,West
ORD001197,Clothing,4,195.16,2024-04-09,West
ORD001198,Home & Garden,5,215.98,2024-04-28,East
ORD001199,Books,2,59.89,2024-03-04,South
ORD001200,Clothing,2,78.74,2024-08-20,South
ORD001201,Home & Garden,2,67.31,2024-07-27,North
ORD001202,Books,2,76.54,2024-08-09,West
ORD001203,Clothing,1,31.68,2024-04-19,South
ORD001204,Books,2,58.87,2024-05-13,South
ORD001205,Sports & Outdoors,1,66.09,2024-09-29,North
ORD001206,Electronics,3,212.55,2024-02-28,North
ORD001207,Books,4,148.22,2024-05-11,East
ORD001208,Books,1,15.88,2024-11-23,West
ORD001209,Books,4,159.66,2024-07-11,East
ORD001210,Books,3,92.82,2024-05-10,West
ORD001211,Clothing,5,203.21,2024-05-03,South
ORD001212,Clothing,5,172.13,2024-01-04,South
ORD001213,Books,3,38.49,2024-11-06,West
ORD001214,Books,4,47.31,2024-09-24,West
ORD001215,Clothing,4,111.5,2024-02-13,South
ORD001216,Books,3,30.95,2024-10-10,North
ORD001217,Clothing,5,139.99,2024-07-26,West
ORD001218,Clothing,3,146.64,2024-02-26,North
ORD001219,Clothing,2,137.69,2024-03-28,West
ORD001220,Books,4,94.21,2024-12-04,East
ORD001221,Books,4,45.97,2024-10-14,West
ORD001222,Clothing,1,33.39,2024-05-07,East
ORD001223,Electronics,2,539.71,2024-02-05,North
ORD001224,Clothing,1,38.07,2024-07-15,East
ORD001225,Books,3,99.15,2024-02-10,South
ORD001226,Electronics,5,262.65,2024-03-13,North
ORD001227,Books,2,66.6,2024-09-24,North
ORD001228,Books,3,69.67,2024-05-30,North
ORD001229,Home & Garden,2,290.28,2024-09-29,East
ORD001230,Sports & Outdoors,1,104.95,2024-06-04,North
ORD001231,Sports & Outdoors,3,300.01,2024-04-20,West
ORD001232,Clothing,3,122.33,2024-01-13,West
ORD001233,Home & Garden,1,96.08,2024-04-14,South
ORD001234,Home & Garden,4,228.75,2024-03-31,West
ORD001235,Home & Garden,3,283.14,2024-11-18,North
ORD001236,Books,2,47.81,2024-02-09,East
ORD001237,Books,1,36.87,2024-05-06,South
ORD001238,Home & Garden,5,545.01,2024-05-07,West
ORD001239,Home & Garden,3,64.67,2024-09-05,West
ORD001240,Books,4,56.22,2024-02-24,South
ORD001241,Clothing,3,96.41,2024-06-11,North
ORD001242,Books,5,58.25,2024-12-21,West
ORD001243,Books,5,176.39,2024-08-03,West
ORD001244,Home & Garden,5,634.66,2024-05-25,South
ORD001245,Sports & Outdoors,5,664.48,2024-01-15,South
ORD001246,Sports & Outdoors,1,103.93,2024-07-06,North
ORD001247,Electronics,2,256.1,2024-01-18,North
ORD001248,Books,3,118.88,2024-03-30,South
ORD001249,Books,4,105.54,2024-12-31,North
ORD001250,Clothing,5,199.34,2024-05-02,North
ORD001251,Home & Garden,2,91.14,2024-07-20,South
ORD001252,Home & Garden,4,279.22,2024-01-19,West
ORD001253,Clothing,1,85.8,2024-02-05,East
ORD001254,Electronics,3,1419.37,2024-01-20,North
ORD001255,Sports & Outdoors,4,571.57,2024-03-29,East
ORD001256,Books,3,83.8,2024-02-26,West
ORD001257,Books,1,14.34,2024-04-10,North
ORD001258,Clothing,2,132.3,2024-02-08,West
ORD001259,Electronics,3,1291.05,2024-09-10,East
ORD001260,Sports & Outdoors,3,169.66,2024-05-05,East
ORD001261,Books,2,56.62,2024-02-06,North
ORD001262,Electronics,1,245.03,2024-06-24,North
ORD001263,Clothing,3,123.61,2024-11-27,South
ORD001264,Home & Garden,4,313.98,2024-01-04,South
ORD001265,Clothing,4,246.59,2024-03-08,East
ORD001266,Books,3,37.46,2024-05-28,North
ORD001267,Clothing,2,150.66,2024-10-02,North
ORD001268,Sports & Outdoors,1,25.47,2024-03-09,North
ORD001269,Clothing,5,178.1,2024-05-25,West
ORD001270,Electronics,2,959.86,2024-02-05,East
ORD001271,Books,1,15.5,2024-12-07,East
ORD001272,Home & Garden,3,370.35,2024-10-17,South
ORD001273,Sports & Outdoors,2,237.8,2024-12-24,North
ORD001274,Clothing,1,58.54,2024-06-24,South
ORD001275,Electronics,2,539.89,2024-01-30,South
ORD001276,Clothing,1,47.84,2024-10-17,North
ORD001277,Clothing,3,159.19,2024-01-31,North
ORD001278,Home & Garden,4,186.66,2024-09-11,South
ORD001279,Home & Garden,4,243.62,2024-01-20,North
ORD001280,Clothing,1,39.66,2024-12-01,North
ORD001281,Books,1,22.75,2024-05-11,East
ORD001282,Sports & Outdoors,2,266.11,2024-05-17,South
ORD001283,Books,2,46.94,2024-10-26,North
ORD001284,Home & Garden,5,165.4,2024-12-12,West
ORD001285,Clothing,2,73.77,2024-11-26,West
ORD001286,Home & Garden,4,132.18,2024-01-16,North
ORD001287,Books,5,168.51,2024-11-21,North
ORD001288,Sports & Outdoors,3,437.24,2024-04-29,West
ORD001289,Home & Garden,3,266.74,2024-06-23,East
ORD001290,Clothing,1,34.41,2024-11-01,North
ORD001291,Books,5,95.56,2024-05-22,East
ORD001292,Home & Garden,3,70.86,2024-10-09,East
ORD001293,Home & Garden,5,132.02,2024-11-16,West
ORD001294,Electronics,4,506.48,2024-02-28,East
ORD001295,Electronics,3,960.5,2024-10-12,East
ORD001296,Books,3,44.15,2024-01-20,East
ORD001297,Sports & Outdoors,1,129.35,2024-02-05,East
ORD001298,Clothing,4,90.1,2024-03-12,West
ORD001299,Sports & Outdoors,1,136.77,2024-07-05,East
ORD001300,Clothing,3,109.45,2024-04-22,East
ORD001301,Home & Garden,4,347.19,2024-01-01,East
ORD001302,Electronics,4,844.47,2024-11-16,East
ORD001303,Clothing,5,344.5,2024-04-15,West
ORD001304,Electronics,1,431.34,2024-01-09,North
ORD001305,Electronics,2,495.64,2024-10-18,West
ORD001306,Books,4,100.14,2024-10-10,West
ORD001307,Electronics,4,1345.99,2024-04-17,East
ORD001308,Clothing,4,105.87,2024-10-13,North
ORD001309,Books,5,137.74,2024-11-19,South
ORD001310,Electronics,3,378.03,2024-10-23,North
ORD001311,Electronics,3,1334.04,2024-09-26,East
ORD001312,Electronics,5,1572.71,2024-05-12,West
ORD001313,Sports & Outdoors,3,198.89,2024-04-01,South
ORD001314,Sports & Outdoors,1,40.06,2024-09-20,West
ORD001315,Clothing,3,203.31,2024-05-09,East
ORD001316,Home & Garden,1,67.04,2024-07-10,North
ORD001317,Clothing,2,112.19,2024-01-28,South
ORD001318,Books,4,42.97,2024-02-24,East
ORD001319,Home & Garden,4,424.28,2024-12-09,North
ORD001320,Books,5,154.7,2024-11-06,North
ORD001321,Home & Garden,5,163.06,2024-07-05,North
ORD001322,Home & Garden,5,578.9,2024-01-24,East
ORD001323,Electronics,1,375.33,2024-10-26,West
ORD001324,Clothing,2,85.82,2024-04-17,South
ORD001325,Home & Garden,4,474.53,2024-11-12,West
ORD001326,Clothing,1,26.54,2024-05-27,North
ORD001327,Sports & Outdoors,5,523.86,2024-02-22,West
ORD001328,Home & Garden,3,86.32,2024-07-09,North
ORD001329,Books,3,48.78,2024-12-27,South
ORD001330,Sports & Outdoors,3,93.99,2024-05-31,East
ORD001331,Clothing,3,74.63,2024-10-31,North
ORD001332,Home & Garden,1,108.05,2024-07-31,South
ORD001333,Books,3,80.74,2024-02-19,West
ORD001334,Home & Garden,5,495.74,2024-05-02,West
ORD001335,Sports & Outdoors,5,370.87,2024-06-18,South
ORD001336,Sports & Outdoors,4,508.54,2024-08-03,South
ORD001337,Sports & Outdoors,4,154.78,2024-02-06,South
ORD001338,Books,2,47.4,2024-03-16,West
ORD001339,Sports & Outdoors,1,87.76,2024-01-21,South
ORD001340,Electronics,2,466.25,2024-09-03,West
ORD001341,Electronics,4,1320.45,2024-12-07,West
ORD001342,Electronics,1,470.52,2024-06-29,East
ORD001343,Clothing,3,113.57,2024-04-03,East
ORD001344,Sports & Outdoors,3,217.47,2024-11-11,South
ORD001345,Clothing,4,342.36,2024-06-01,West
ORD001346,Books,1,26.74,2024-08-28,South
ORD001347,Electronics,2,666.71,2024-07-28,South
ORD001348,Home & Garden,3,69.28,2024-11-04,North
ORD001349,Electronics,2,122.42,2024-09-07,East
ORD001350,Sports & Outdoors,3,334.82,2024-02-07,South
ORD001351,Books,1,22.68,2024-11-20,East
ORD001352,Electronics,3,1040.7,2024-04-03,South
ORD001353,Books,4,83.59,2024-09-13,South
ORD001354,Clothing,2,104.04,2024-07-26,East
ORD001355,Home & Garden,5,692.25,2024-08-15,South
ORD001356,Sports & Outdoors,1,81.23,2024-08-13,West
ORD001357,Electronics,5,938.23,2024-12-23,East
ORD001358,Sports & Outdoors,5,541.91,2024-08-20,West
ORD001359,Books,5,106.93,2024-01-01,East
ORD001360,Home & Garden,1,118.62,2024-02-19,North
ORD001361,Sports & Outdoors,4,525.61,2024-07-22,North
ORD001362,Electronics,3,1152.42,2024-12-19,West
ORD001363,Clothing,2,193.23,2024-01-09,North
ORD001364,Sports & Outdoors,3,205.72,2024-07-08,South
ORD001365,Books,2,69.76,2024-12-01,West
ORD001366,Clothing,4,281.56,2024-07-27,North
ORD001367,Sports & Outdoors,1,91.57,2024-06-11,West
ORD001368,Electronics,4,456.56,2024-06-17,East
ORD001369,Home & Garden,3,78.72,2024-03-15,North
ORD001370,Clothing,1,44.96,2024-08-19,North
ORD001371,Sports & Outdoors,1,83.55,2024-09-24,East
ORD001372,Clothing,5,250.41,2024-02-09,North
ORD001373,Home & Garden,3,418.16,2024-03-21,South
ORD001374,Home & Garden,5,648.12,2024-02-14,South
ORD001375,Sports & Outdoors,5,196.55,2024-05-18,South
ORD001376,Home & Garden,1,71.72,2024-06-08,East
ORD001377,Electronics,5,1998.86,2024-12-28,East
ORD001378,Home & Garden,5,598.86,2024-09-25,South
ORD001379,Home & Garden,5,271.68,2024-03-10,East
ORD001380,Clothing,2,168.25,2024-06-06,West
ORD001381,Home & Garden,2,44.06,2024-12-29,South
ORD001382,Home & Garden,5,275.57,2024-09-16,East
ORD001383,Electronics,4,820.79,2024-03-19,East
ORD001384,Clothing,4,114.16,2024-08-23,South
ORD001385,Clothing,2,135.93,2024-09-09,North
ORD001386,Home & Garden,3,344.15,2024-11-15,North
ORD001387,Clothing,3,60.32,2024-05-31,North
ORD001388,Books,2,30.65,2024-06-03,North
ORD001389,Sports & Outdoors,1,70.39,2024-11-02,South
ORD001390,Home & Garden,4,218.7,2024-11-21,East
ORD001391,Sports & Outdoors,1,33.8,2024-01-18,North
ORD001392,Books,4,53.27,2024-10-23,North
ORD001393,Sports & Outdoors,5,690.17,2024-12-02,North
ORD001394,Clothing,5,112.11,2024-02-26,West
ORD001395,Books,3,79.8,2024-12-25,North
ORD001396,Electronics,1,495.47,2024-07-21,East
ORD001397,Sports & Outdoors,2,269.04,2024-10-11,North
ORD001398,Books,3,105.96,2024-06-13,South
ORD001399,Electronics,4,1955.87,2024-08-11,North
ORD001400,Clothing,4,104.33,2024-08-25,West
ORD001401,Sports & Outdoors,3,360.02,2024-07-27,North
ORD001402,Home & Garden,3,423.18,2024-11-30,North
ORD001403,Home & Garden,5,546.09,2024-03-08,South
ORD001404,Clothing,3,232.71,2024-02-27,East
ORD001405,Sports & Outdoors,2,263.43,2024-03-22,East
ORD001406,Electronics,3,166.05,2024-06-14,West
ORD001407,Home & Garden,2,249.83,2024-04-23,North
ORD001408,Clothing,3,273.32,2024-10-28,East
ORD001409,Clothing,4,190.63,2024-01-12,North
ORD001410,Clothing,4,98.24,2024-04-21,South
ORD001411,Books,2,75.32,2024-03-09,West
ORD001412,Home & Garden,2,204.39,2024-11-07,West
ORD001413,Sports & Outdoors,4,259.82,2024-07-04,East
ORD001414,Clothing,1,30.61,2024-12-15,West
ORD001415,Books,3,101.25,2024-04-09,West
ORD001416,Clothing,2,95.08,2024-11-27,East
ORD001417,Electronics,1,337.38,2024-01-27,East
ORD001418,Electronics,3,197.7,2024-05-21,South
ORD001419,Home & Garden,1,110.8,2024-11-15,South
ORD001420,Home & Garden,1,95.19,2024-05-20,North
ORD001421,Books,5,128.73,2024-12-27,West
ORD001422,Electronics,3,1441.08,2024-10-26,North
ORD001423,Clothing,1,49.69,2024-08-07,West
ORD001424,Clothing,3,101.93,2024-12-18,North
ORD001425,Books,4,136.32,2024-09-02,West
ORD001426,Electronics,3,655.99,2024-02-20,South
ORD001427,Sports & Outdoors,1,128.19,2024-02-20,North
ORD001428,Clothing,5,193.92,2024-03-23,West
ORD001429,Electronics,5,1669.47,2024-11-15,North
ORD001430,Home & Garden,5,712.15,2024-05-11,West
ORD001431,Electronics,2,849.14,2024-09-15,North
ORD001432,Electronics,1,182.37,2024-10-05,South
ORD001433,Sports & Outdoors,3,427.49,2024-05-30,North
ORD001434,Sports & Outdoors,2,79.91,2024-05-30,South
ORD001435,Sports & Outdoors,5,380.19,2024-05-05,West
ORD001436,Home & Garden,5,460.68,2024-11-17,West
ORD001437,Sports & Outdoors,5,465.85,2024-01-10,West
ORD001438,Sports & Outdoors,5,252.56,2024-03-07,North
ORD001439,Books,4,120.51,2024-06-19,South
ORD001440,Sports & Outdoors,3,112.6,2024-04-13,North
ORD001441,Clothing,4,319.53,2024-11-20,East
ORD001442,Electronics,5,783.68,2024-05-13,North
ORD001443,Home & Garden,5,390.57,2024-08-22,North
ORD001444,Books,2,75.85,2024-02-05,South
ORD001445,Electronics,2,314.27,2024-11-26,East
ORD001446,Clothing,4,139.3,2024-11-08,West
ORD001447,Clothing,4,309.26,2024-03-05,West
ORD001448,Electronics,3,600.88,2024-07-15,East
ORD001449,Electronics,1,244.27,2024-06-11,East
ORD001450,Sports & Outdoors,2,133.55,2024-09-12,East
ORD001451,Electronics,1,384.64,2024-12-04,South
ORD001452,Books,2,77.61,2024-02-26,South
ORD001453,Home & Garden,1,128.67,2024-09-19,South
ORD001454,Books,2,48.06,2024-04-08,East
ORD001455,Home & Garden,5,492.96,2024-01-26,East
ORD001456,Clothing,3,267.61,2024-07-24,West
ORD001457,Books,5,60.72,2024-08-24,North
ORD001458,Books,1,29.22,2024-08-06,West
ORD001459,Sports & Outdoors,4,513.76,2024-02-23,South
ORD001460,Electronics,1,498.75,2024-01-03,West
ORD001461,Books,2,20.57,2024-01-17,South
ORD001462,Electronics,5,2050.83,2024-08-19,West
ORD001463,Home & Garden,5,596.5,2024-08-19,West
ORD001464,Home & Garden,4,335.67,2024-04-30,South
ORD001465,Sports & Outdoors,1,23.7,2024-09-18,East
ORD001466,Home & Garden,1,117.7,2024-12-03,East
ORD001467,Clothing,2,183.3,2024-01-29,South
ORD001468,Books,4,67.32,2024-02-24,South
ORD001469,Sports & Outdoors,5,511.06,2024-04-04,West
ORD001470,Sports & Outdoors,5,207.34,2024-11-26,South
ORD001471,Electronics,5,1194.37,2024-03-03,West
ORD001472,Electronics,3,1372.22,2024-02-11,West
ORD001473,Home & Garden,2,166.51,2024-05-28,South
ORD001474,Sports & Outdoors,2,206.51,2024-07-06,North
ORD001475,Home & Garden,4,311.49,2024-05-14,West
ORD001476,Electronics,3,964.28,2024-10-14,South
ORD001477,Sports & Outdoors,2,242.34,2024-01-22,South
ORD001478,Clothing,3,172.75,2024-05-29,East
ORD001479,Sports & Outdoors,2,190.59,2024-08-26,East
ORD001480,Clothing,2,86.56,2024-12-07,West
ORD001481,Home & Garden,1,74.8,2024-04-18,East
ORD001482,Home & Garden,5,198.73,2024-05-20,North
ORD001483,Sports & Outdoors,3,243.61,2024-11-09,West
ORD001484,Home & Garden,3,105.63,2024-03-23,North
ORD001485,Sports & Outdoors,4,523.42,2024-08-17,West
ORD001486,Home & Garden,3,389.73,2024-09-05,South
ORD001487,Electronics,4,462.06,2024-12-03,North
ORD001488,Electronics,1,477.68,2024-06-26,West
ORD001489,Sports & Outdoors,5,728.15,2024-03-26,West
ORD001490,Books,4,78.83,2024-06-17,South
ORD001491,Electronics,1,489.92,2024-09-22,East
ORD001492,Electronics,5,2203.23,2024-10-21,East
ORD001493,Sports & Outdoors,2,266.91,2024-04-28,West
ORD001494,Clothing,4,95.09,2024-08-04,North
ORD001495,Clothing,1,21.41,2024-11-30,West
ORD001496,Home & Garden,5,566.11,2024-06-06,North
ORD001497,Books,5,125.35,2024-03-15,South
ORD001498,Electronics,3,858.82,2024-02-28,East
ORD001499,Books,4,156.62,2024-06-28,West
ORD001500,Home & Garden,4,249.28,2024-04-12,North
ORD001501,Clothing,4,315.97,2024-03-20,South
ORD001502,Sports & Outdoors,2,253.42,2024-12-28,South
ORD001503,Clothing,4,143.41,2024-01-10,West
ORD001504,Clothing,5,213.5,2024-10-04,West
ORD001505,Clothing,4,368.34,2024-09-01,South
ORD001506,Clothing,3,98.01,2024-01-29,South
ORD001507,Books,1,23.99,2024-12-14,South
ORD001508,Sports & Outdoors,2,174.32,2024-10-07,West
ORD001509,Electronics,4,389.09,2024-07-16,West
ORD001510,Sports & Outdoors,3,53.99,2024-07-06,South
ORD001511,Home & Garden,3,96.94,2024-06-05,North
ORD001512,Home & Garden,3,342.56,2024-01-10,East
ORD001513,Sports & Outdoors,2,169.9,2024-09-23,West
ORD001514,Sports & Outdoors,3,345.52,2024-03-28,North
ORD001515,Sports & Outdoors,4,298.44,2024-07-10,South
ORD001516,Books,5,93.72,2024-03-25,West
ORD001517,Electronics,1,280.6,2024-05-09,East
ORD001518,Clothing,1,26.13,2024-06-21,South
ORD001519,Sports & Outdoors,5,156.53,2024-11-15,East
ORD001520,Home & Garden,1,96.2,2024-08-05,East
ORD001521,Sports & Outdoors,1,85.23,2024-03-06,South
ORD001522,Books,4,122.03,2024-09-05,North
ORD001523,Electronics,3,457.33,2024-04-06,North
ORD001524,Clothing,4,399.43,2024-10-17,North
ORD001525,Sports & Outdoors,5,297.28,2024-05-05,South
ORD001526,Sports & Outdoors,1,92.19,2024-09-07,South
ORD001527,Electronics,2,173.38,2024-01-05,East
ORD001528,Clothing,4,251.15,2024-03-11,East
ORD001529,Home & Garden,2,214.84,2024-11-16,North
ORD001530,Electronics,3,1269.07,2024-01-03,North
ORD001531,Electronics,3,1244.79,2024-09-04,West
ORD001532,Electronics,1,137.93,2024-12-13,North
ORD001533,Home & Garden,5,328.94,2024-10-03,South
ORD001534,Clothing,1,35.61,2024-04-28,North
ORD001535,Sports & Outdoors,3,109.92,2024-12-11,East
ORD001536,Sports & Outdoors,3,200.6,2024-11-13,West
ORD001537,Electronics,1,123.95,2024-08-06,North
ORD001538,Sports & Outdoors,3,359.1,2024-12-05,East
ORD001539,Electronics,1,321.26,2024-11-23,North
ORD001540,Clothing,1,32.81,2024-02-22,West
ORD001541,Clothing,3,128.78,2024-11-02,West
ORD001542,Books,5,113.16,2024-03-28,East
ORD001543,Sports & Outdoors,2,229.07,2024-11-26,West
ORD001544,Home & Garden,3,415.07,2024-06-03,West
ORD001545,Books,3,53.59,2024-02-14,West
ORD001546,Clothing,3,146.77,2024-10-30,South
ORD001547,Sports & Outdoors,2,128.38,2024-05-08,South
ORD001548,Books,1,17.62,2024-05-21,South
ORD001549,Books,1,14.27,2024-10-03,West
ORD001550,Electronics,2,898.93,2024-07-19,South
ORD001551,Clothing,3,89.0,2024-01-02,North
ORD001552,Home & Garden,4,197.29,2024-06-14,East
ORD001553,Home & Garden,5,525.56,2024-05-24,North
ORD001554,Books,5,88.85,2024-04-22,South
ORD001555,Home & Garden,1,38.38,2024-03-25,West
ORD001556,Books,1,24.25,2024-12-23,North
ORD001557,Sports & Outdoors,4,285.68,2024-04-17,North
ORD001558,Sports & Outdoors,2,199.18,2024-09-22,West
ORD001559,Clothing,4,344.94,2024-08-30,West
ORD001560,Electronics,5,981.56,2024-01-19,South
ORD001561,Clothing,1,55.79,2024-08-12,South
ORD001562,Electronics,2,373.48,2024-02-07,South
ORD001563,Books,2,67.24,2024-01-14,West
ORD001564,Home & Garden,1,92.5,2024-09-12,West
ORD001565,Electronics,2,595.73,2024-12-08,North
ORD001566,Clothing,5,240.98,2024-05-04,North
ORD001567,Sports & Outdoors,2,260.72,2024-10-09,South
ORD001568,Sports & Outdoors,3,192.8,2024-05-09,South
ORD001569,Sports & Outdoors,4,386.61,2024-09-04,East
ORD001570,Electronics,5,2394.61,2024-12-08,South
ORD001571,Books,5,116.28,2024-11-22,East
ORD001572,Home & Garden,5,505.14,2024-01-05,East
ORD001573,Sports & Outdoors,4,495.49,2024-11-28,South
ORD001574,Electronics,3,654.16,2024-05-28,North
ORD001575,Books,5,171.24,2024-01-21,South
ORD001576,Electronics,4,1692.44,2024-07-25,East
ORD001577,Home & Garden,3,234.8,2024-12-16,West
ORD001578,Electronics,1,244.65,2024-11-13,South
ORD001579,Clothing,3,192.63,2024-12-16,East
ORD001580,Sports & Outdoors,1,95.2,2024-05-12,West
ORD001581,Clothing,2,195.23,2024-07-05,West
ORD001582,Sports & Outdoors,2,275.61,2024-04-05,East
ORD001583,Home & Garden,1,83.59,2024-01-31,West
ORD001584,Electronics,2,265.43,2024-02-10,South
ORD001585,Clothing,3,165.82,2024-02-27,North
ORD001586,Home & Garden,4,444.4,2024-12-15,West
ORD001587,Clothing,4,110.59,2024-07-02,East
ORD001588,Home & Garden,1,115.0,2024-06-22,East
ORD001589,Sports & Outdoors,2,258.16,2024-08-28,North
ORD001590,Home & Garden,1,50.97,2024-08-31,East
ORD001591,Electronics,3,1478.91,2024-10-05,East
ORD001592,Books,4,51.61,2024-03-03,West
ORD001593,Books,1,38.61,2024-04-21,South
ORD001594,Sports & Outdoors,2,186.36,2024-10-15,North
ORD001595,Home & Garden,1,41.17,2024-06-07,West
ORD001596,Sports & Outdoors,1,117.81,2024-08-29,East
ORD001597,Sports & Outdoors,1,124.44,2024-05-15,East
ORD001598,Clothing,3,91.75,2024-02-29,North
ORD001599,Home & Garden,1,69.7,2024-02-02,West
ORD001600,Home & Garden,1,19.13,2024-03-12,East
ORD001601,Electronics,5,2170.1,2024-12-10,South
ORD001602,Home & Garden,2,32.85,2024-03-28,North
ORD001603,Clothing,2,163.61,2024-11-05,West
ORD001604,Electronics,3,1497.85,2024-08-08,East
ORD001605,Electronics,2,132.42,2024-06-22,West
ORD001606,Clothing,4,326.16,2024-01-01,North
ORD001607,Electronics,1,90.19,2024-01-28,South
ORD001608,Books,3,89.57,2024-11-15,North
ORD001609,Books,2,56.39,2024-06-08,West
ORD001610,Sports & Outdoors,5,237.74,2024-09-11,South
ORD001611,Electronics,2,864.91,2024-04-10,North
ORD001612,Clothing,5,485.21,2024-05-11,North
ORD001613,Home & Garden,2,267.25,2024-04-18,East
ORD001614,Home & Garden,5,684.05,2024-02-02,South
ORD001615,Home & Garden,1,85.04,2024-05-04,West
ORD001616,Sports & Outdoors,4,586.68,2024-09-15,North
ORD001617,Sports & Outdoors,4,207.05,2024-04-07,South
ORD001618,Sports & Outdoors,2,131.47,2024-11-13,North
ORD001619,Home & Garden,5,656.63,2024-07-09,West
ORD001620,Home & Garden,1,81.48,2024-05-07,North
ORD001621,Books,3,41.27,2024-07-04,West
ORD001622,Electronics,1,55.86,2024-09-26,East
ORD001623,Electronics,2,327.45,2024-08-04,South
ORD001624,Home & Garden,5,289.2,2024-12-29,North
ORD001625,Home & Garden,5,709.46,2024-03-22,West
ORD001626,Books,4,65.04,2024-04-03,South
ORD001627,Clothing,1,98.13,2024-03-15,South
ORD001628,Books,2,30.77,2024-06-09,South
ORD001629,Sports & Outdoors,2,95.55,2024-04-06,North
ORD001630,Clothing,4,311.81,2024-11-18,East
ORD001631,Home & Garden,5,211.72,2024-01-19,East
ORD001632,Electronics,2,915.97,2024-07-08,West
ORD001633,Sports & Outdoors,1,79.22,2024-11-11,West
ORD001634,Electronics,3,1226.09,2024-01-24,North
ORD001635,Electronics,1,364.25,2024-02-08,North
ORD001636,Sports & Outdoors,1,89.16,2024-12-29,North
ORD001637,Home & Garden,5,748.67,2024-11-11,West
ORD001638,Home & Garden,3,212.08,2024-10-16,West
ORD001639,Sports & Outdoors,1,122.89,2024-06-06,West
ORD001640,Clothing,5,380.14,2024-02-25,East
ORD001641,Books,1,38.21,2024-11-04,West
ORD001642,Sports & Outdoors,1,144.25,2024-09-11,South
ORD001643,Electronics,5,1486.01,2024-04-26,South
ORD001644,Sports & Outdoors,2,109.02,2024-05-22,South
ORD001645,Sports & Outdoors,5,321.06,2024-06-22,East
ORD001646,Home & Garden,3,46.12,2024-09-20,West
ORD001647,Sports & Outdoors,1,89.12,2024-01-21,East
ORD001648,Books,5,75.12,2024-05-16,East
ORD001649,Home & Garden,3,48.0,2024-08-22,North
ORD001650,Home & Garden,3,377.13,2024-08-26,West
ORD001651,Home & Garden,3,176.44,2024-05-09,East
ORD001652,Sports & Outdoors,1,128.91,2024-10-15,North
ORD001653,Home & Garden,4,174.42,2024-08-05,West
ORD001654,Books,4,59.38,2024-05-13,West
ORD001655,Books,3,106.91,2024-12-26,North
ORD001656,Clothing,5,139.86,2024-08-20,West
ORD001657,Clothing,5,297.32,2024-04-14,East
ORD001658,Electronics,4,273.67,2024-02-22,West
ORD001659,Electronics,1,215.59,2024-07-16,East
ORD001660,Books,2,34.41,2024-05-15,East
ORD001661,Sports & Outdoors,5,639.5,2024-09-26,South
ORD001662,Home & Garden,5,430.74,2024-10-14,North
ORD001663,Sports & Outdoors,4,506.44,2024-06-09,West
ORD001664,Sports & Outdoors,1,68.81,2024-05-19,East
ORD001665,Books,1,39.55,2024-02-10,East
ORD001666,Sports & Outdoors,4,296.13,2024-02-05,South
ORD001667,Books,1,28.91,2024-02-06,West
ORD001668,Sports & Outdoors,1,136.61,2024-09-19,North
ORD001669,Home & Garden,5,308.9,2024-05-23,West
ORD001670,Home & Garden,2,108.68,2024-06-13,West
ORD001671,Clothing,3,232.04,2024-04-17,West
ORD001672,Electronics,4,264.35,2024-05-02,East
ORD001673,Electronics,1,314.08,2024-10-07,West
ORD001674,Sports & Outdoors,2,279.8,2024-03-15,South
ORD001675,Home & Garden,1,133.6,2024-10-17,East
ORD001676,Clothing,3,100.85,2024-02-15,South
ORD001677,Books,5,147.75,2024-09-27,East
ORD001678,Electronics,4,1036.51,2024-06-24,East
ORD001679,Clothing,5,468.42,2024-05-04,South
ORD001680,Home & Garden,4,216.11,2024-03-15,East
ORD001681,Clothing,4,223.57,2024-09-29,South
ORD001682,Home & Garden,1,144.12,2024-10-26,North
ORD001683,Electronics,5,723.79,2024-05-01,West
ORD001684,Clothing,4,352.8,2024-01-19,East
ORD001685,Sports & Outdoors,5,375.66,2024-10-13,East
ORD001686,Sports & Outdoors,1,96.79,2024-01-27,West
ORD001687,Sports & Outdoors,3,244.12,2024-11-23,East
ORD001688,Home & Garden,5,719.35,2024-07-25,South
ORD001689,Sports & Outdoors,2,270.62,2024-07-02,East
ORD001690,Sports & Outdoors,4,238.9,2024-08-05,North
ORD001691,Sports & Outdoors,5,384.33,2024-05-09,South
ORD001692,Sports & Outdoors,4,167.62,2024-10-03,West
ORD001693,Sports & Outdoors,3,281.69,2024-04-24,North
ORD001694,Clothing,2,155.12,2024-08-13,South
ORD001695,Electronics,5,1834.25,2024-01-15,North
ORD001696,Books,3,106.16,2024-08-21,East
ORD001697,Clothing,4,242.9,2024-11-02,South
ORD001698,Electronics,1,456.46,2024-01-09,South
ORD001699,Electronics,2,657.06,2024-10-05,South
ORD001700,Sports & Outdoors,1,49.39,2024-12-23,North
ORD001701,Sports & Outdoors,4,298.25,2024-02-12,East
ORD001702,Books,2,33.88,2024-01-07,West
ORD001703,Books,5,120.51,2024-02-07,North
ORD001704,Electronics,2,130.25,2024-10-23,East
ORD001705,Books,5,153.13,2024-12-23,North
ORD001706,Sports & Outdoors,3,398.79,2024-12-17,South
ORD001707,Books,3,72.8,2024-06-05,East
ORD001708,Home & Garden,4,382.42,2024-07-31,South
ORD001709,Clothing,4,245.46,2024-08-04,West
ORD001710,Electronics,1,219.42,2024-05-25,North
ORD001711,Sports & Outdoors,3,149.03,2024-06-15,West
ORD001712,Electronics,1,455.89,2024-12-31,West
ORD001713,Home & Garden,4,459.99,2024-11-05,East
ORD001714,Home & Garden,3,317.99,2024-08-25,West
ORD001715,Clothing,3,233.21,2024-02-24,West
ORD001716,Electronics,5,2289.87,2024-09-19,West
ORD001717,Books,2,37.27,2024-05-28,West
ORD001718,Books,3,90.4,2024-01-15,South
ORD001719,Clothing,1,84.44,2024-03-13,North
ORD001720,Clothing,4,209.64,2024-07-22,West
ORD001721,Sports & Outdoors,4,409.59,2024-10-06,West
ORD001722,Electronics,5,945.31,2024-03-02,South
ORD001723,Clothing,1,70.61,2024-08-02,South
ORD001724,Books,1,19.56,2024-11-06,South
ORD001725,Home & Garden,3,84.46,2024-11-16,West
ORD001726,Electronics,5,1163.14,2024-12-12,East
ORD001727,Books,2,34.95,2024-12-02,South
ORD001728,Electronics,3,1176.86,2024-07-21,East
ORD001729,Sports & Outdoors,4,361.58,2024-04-29,South
ORD001730,Home & Garden,2,200.8,2024-04-08,West
ORD001731,Electronics,2,915.43,2024-07-30,East
ORD001732,Electronics,2,446.57,2024-11-06,South
ORD001733,Home & Garden,3,405.19,2024-05-13,South
ORD001734,Sports & Outdoors,1,59.32,2024-02-05,West
ORD001735,Clothing,2,49.74,2024-08-03,South
ORD001736,Books,4,96.21,2024-03-26,West
ORD001737,Home & Garden,3,415.46,2024-03-12,West
ORD001738,Clothing,4,329.93,2024-05-09,South
ORD001739,Books,3,109.98,2024-06-19,North
ORD001740,Sports & Outdoors,4,413.7,2024-09-07,South
ORD001741,Home & Garden,5,113.28,2024-08-19,North
ORD001742,Electronics,1,437.97,2024-01-31,North
ORD001743,Home & Garden,4,427.45,2024-06-11,South
ORD001744,Home & Garden,3,418.19,2024-06-12,West
ORD001745,Clothing,3,203.68,2024-12-26,West
ORD001746,Books,2,64.49,2024-12-03,South
ORD001747,Clothing,5,338.46,2024-07-12,West
ORD001748,Books,5,109.8,2024-11-01,North
ORD001749,Books,3,37.28,2024-09-06,West
ORD001750,Home & Garden,2,34.32,2024-11-30,South
ORD001751,Home & Garden,5,239.53,2024-11-25,West
ORD001752,Books,4,45.44,2024-02-29,East
ORD001753,Books,1,28.48,2024-04-13,South
ORD001754,Clothing,3,148.68,2024-11-08,West
ORD001755,Clothing,3,276.07,2024-04-24,North
ORD001756,Electronics,5,1163.85,2024-11-19,West
ORD001757,Home & Garden,2,104.59,2024-12-26,West
ORD001758,Sports & Outdoors,3,333.67,2024-04-08,South
ORD001759,Electronics,3,445.0,2024-09-23,South
ORD001760,Electronics,5,1925.03,2024-06-05,South
ORD001761,Sports & Outdoors,2,208.6,2024-08-10,South
ORD001762,Sports & Outdoors,3,221.55,2024-03-13,East
ORD001763,Electronics,5,1440.95,2024-02-03,South
ORD001764,Home & Garden,4,413.08,2024-07-31,North
ORD001765,Books,1,25.53,2024-01-01,West
ORD001766,Clothing,2,109.26,2024-02-28,East
ORD001767,Clothing,2,168.9,2024-12-09,East
ORD001768,Home & Garden,3,123.67,2024-01-03,North
ORD001769,Clothing,3,73.96,2024-11-02,West
ORD001770,Clothing,5,494.69,2024-12-16,South
ORD001771,Electronics,5,1372.24,2024-03-28,North
ORD001772,Books,5,108.36,2024-11-18,North
ORD001773,Sports & Outdoors,2,96.28,2024-10-30,East
ORD001774,Electronics,2,647.51,2024-10-20,West
ORD001775,Electronics,4,1171.47,2024-08-20,East
ORD001776,Electronics,3,562.18,2024-08-31,East
ORD001777,Clothing,5,376.27,2024-06-25,North
ORD001778,Electronics,5,344.13,2024-02-26,West
ORD001779,Home & Garden,3,374.86,2024-06-19,East
ORD001780,Sports & Outdoors,3,344.15,2024-11-17,North
ORD001781,Home & Garden,5,658.75,2024-09-26,West
ORD001782,Home & Garden,3,345.32,2024-09-20,South
ORD001783,Sports & Outdoors,2,207.63,2024-04-07,North
ORD001784,Electronics,2,589.44,2024-08-28,West
ORD001785,Sports & Outdoors,4,551.74,2024-03-31,North
ORD001786,Books,2,37.28,2024-12-09,South
ORD001787,Electronics,2,470.38,2024-06-02,North
ORD001788,Books,3,74.61,2024-04-10,South
ORD001789,Home & Garden,3,47.51,2024-08-10,South
ORD001790,Home & Garden,5,86.41,2024-08-06,West
ORD001791,Home & Garden,2,285.02,2024-12-27,North
ORD001792,Home & Garden,5,211.75,2024-07-14,North
ORD001793,Clothing,2,58.8,2024-08-12,East
ORD001794,Clothing,3,221.85,2024-04-23,East
ORD001795,Electronics,1,107.37,2024-03-30,South
ORD001796,Sports & Outdoors,4,584.58,2024-02-02,South
ORD001797,Home & Garden,5,562.86,2024-05-14,North
ORD001798,Books,1,11.46,2024-10-30,North
ORD001799,Electronics,1,406.07,2024-11-22,North
ORD001800,Clothing,5,203.99,2024-06-11,North
ORD001801,Home & Garden,5,354.03,2024-07-06,West
ORD001802,Electronics,2,225.6,2024-11-02,West
ORD001803,Home & Garden,3,352.96,2024-06-25,South
ORD001804,Clothing,3,241.99,2024-09-11,East
ORD001805,Books,3,100.61,2024-08-16,East
ORD001806,Clothing,1,23.74,2024-09-15,North
ORD001807,Home & Garden,5,137.56,2024-12-11,North
ORD001808,Home & Garden,2,263.91,2024-12-10,South
ORD001809,Electronics,1,238.39,2024-02-04,East
ORD001810,Sports & Outdoors,4,586.4,2024-03-21,North
ORD001811,Clothing,1,77.49,2024-11-07,West
ORD001812,Electronics,1,298.08,2024-08-21,East
ORD001813,Sports & Outdoors,1,109.2,2024-10-27,East
ORD001814,Sports & Outdoors,2,110.39,2024-02-04,North
ORD001815,Clothing,5,102.38,2024-09-07,West
ORD001816,Home & Garden,5,580.99,2024-06-24,East
ORD001817,Sports & Outdoors,3,306.87,2024-10-23,North
ORD001818,Electronics,2,383.59,2024-12-26,North
ORD001819,Books,2,34.04,2024-12-16,East
ORD001820,Sports & Outdoors,3,371.88,2024-02-10,East
ORD001821,Books,4,128.62,2024-07-02,East
ORD001822,Books,2,66.37,2024-02-01,North
ORD001823,Home & Garden,1,34.69,2024-05-15,North
ORD001824,Electronics,5,1923.69,2024-08-10,East
ORD001825,Books,4,68.05,2024-01-04,West
ORD001826,Sports & Outdoors,4,400.43,2024-02-21,South
ORD001827,Books,2,54.87,2024-08-06,North
ORD001828,Books,3,30.69,2024-12-23,West
ORD001829,Sports & Outdoors,5,607.24,2024-05-08,North
ORD001830,Clothing,5,136.03,2024-08-23,West
ORD001831,Books,3,82.83,2024-11-15,North
ORD001832,Sports & Outdoors,2,293.94,2024-08-22,East
ORD001833,Books,2,36.78,2024-12-11,North
ORD001834,Sports & Outdoors,4,155.04,2024-02-29,North
ORD001835,Books,4,129.97,2024-11-23,South
ORD001836,Clothing,1,77.0,2024-10-08,West
ORD001837,Electronics,5,1606.37,2024-08-25,West
ORD001838,Home & Garden,5,465.57,2024-12-17,West
ORD001839,Clothing,1,71.29,2024-09-17,South
ORD001840,Sports & Outdoors,4,366.0,2024-12-12,East
ORD001841,Home & Garden,1,20.49,2024-02-22,South
ORD001842,Books,5,190.69,2024-03-15,East
ORD001843,Sports & Outdoors,5,615.46,2024-04-12,West
ORD001844,Home & Garden,2,145.02,2024-06-15,West
ORD001845,Home & Garden,3,441.74,2024-03-25,West
ORD001846,Books,2,30.97,2024-11-17,North
ORD001847,Books,3,33.61,2024-04-20,East
ORD001848,Sports & Outdoors,3,381.61,2024-02-04,East
ORD001849,Clothing,1,53.21,2024-02-16,North
ORD001850,Books,3,84.33,2024-06-05,East
ORD001851,Books,2,26.59,2024-04-01,North
ORD001852,Home & Garden,5,231.9,2024-03-07,East
ORD001853,Sports & Outdoors,1,112.31,2024-11-06,South
ORD001854,Sports & Outdoors,4,116.98,2024-06-25,West
ORD001855,Books,5,98.26,2024-09-16,East
ORD001856,Home & Garden,3,239.44,2024-03-30,West
ORD001857,Sports & Outdoors,1,25.36,2024-03-08,East
ORD001858,Clothing,3,105.64,2024-10-23,South
ORD001859,Books,5,138.78,2024-10-08,North
ORD001860,Home & Garden,5,266.4,2024-11-25,East
ORD001861,Clothing,3,286.83,2024-05-22,East
ORD001862,Home & Garden,1,36.21,2024-09-30,North
ORD001863,Books,3,65.75,2024-07-19,North
ORD001864,Clothing,5,158.64,2024-11-12,West
ORD001865,Sports & Outdoors,5,174.12,2024-04-01,East
ORD001866,Clothing,4,181.97,2024-11-27,South
ORD001867,Home & Garden,1,39.67,2024-10-20,South
ORD001868,Sports & Outdoors,2,34.3,2024-10-05,South
ORD001869,Sports & Outdoors,4,515.01,2024-02-04,South
ORD001870,Sports & Outdoors,1,71.88,2024-05-18,East
ORD001871,Books,3,88.81,2024-02-26,East
ORD001872,Sports & Outdoors,1,93.03,2024-10-14,East
ORD001873,Books,4,61.65,2024-10-22,South
ORD001874,Home & Garden,3,204.48,2024-04-06,South
ORD001875,Home & Garden,2,282.67,2024-03-04,East
ORD001876,Home & Garden,4,188.31,2024-04-24,East
ORD001877,Sports & Outdoors,3,91.37,2024-06-18,West
ORD001878,Home & Garden,1,107.88,2024-01-28,East
ORD001879,Home & Garden,3,182.72,2024-05-24,North
ORD001880,Sports & Outdoors,4,314.88,2024-09-03,North
ORD001881,Sports & Outdoors,1,51.09,2024-11-28,South
ORD001882,Clothing,2,154.26,2024-07-16,South
ORD001883,Home & Garden,2,234.72,2024-05-28,North
ORD001884,Clothing,2,148.93,2024-04-26,East
ORD001885,Electronics,3,624.97,2024-12-12,East
ORD001886,Electronics,5,881.9,2024-07-14,North
ORD001887,Books,2,65.58,2024-06-24,West
ORD001888,Clothing,4,323.63,2024-09-03,East
ORD001889,Electronics,2,331.2,2024-06-12,East
ORD001890,Electronics,3,302.82,2024-04-11,East
ORD001891,Clothing,2,143.37,2024-10-03,East
ORD001892,Clothing,5,149.96,2024-07-06,South
ORD001893,Clothing,1,55.43,2024-02-01,South
ORD001894,Books,5,147.08,2024-08-21,North
ORD001895,Books,2,29.32,2024-04-27,South
ORD001896,Home & Garden,2,176.73,2024-10-18,South
ORD001897,Books,5,67.37,2024-10-12,East
ORD001898,Home & Garden,3,373.11,2024-10-01,South
ORD001899,Home & Garden,3,312.03,2024-01-06,South
ORD001900,Home & Garden,2,209.35,2024-02-08,North
ORD001901,Electronics,1,271.02,2024-06-14,South
ORD001902,Electronics,4,994.37,2024-06-12,South
ORD001903,Clothing,1,61.21,2024-01-11,North
ORD001904,Home & Garden,2,70.19,2024-12-04,East
ORD001905,Clothing,4,225.38,2024-04-03,South
ORD001906,Clothing,1,78.91,2024-11-17,West
ORD001907,Books,4,112.35,2024-08-12,North
ORD001908,Sports & Outdoors,2,162.9,2024-11-08,South
ORD001909,Electronics,2,513.34,2024-04-27,East
ORD001910,Sports & Outdoors,5,444.06,2024-03-11,North
ORD001911,Clothing,2,146.7,2024-09-25,North
ORD001912,Home & Garden,3,418.43,2024-09-10,West
ORD001913,Electronics,2,108.54,2024-07-14,West
ORD001914,Home & Garden,1,97.49,2024-12-26,East
ORD001915,Home & Garden,2,294.87,2024-10-08,West
ORD001916,Electronics,5,562.79,2024-11-04,East
ORD001917,Sports & Outdoors,2,281.35,2024-06-14,South
ORD001918,Books,3,61.91,2024-06-23,West
ORD001919,Electronics,1,426.34,2024-05-21,West
ORD001920,Electronics,3,416.97,2024-06-30,South
ORD001921,Books,4,55.29,2024-06-20,South
ORD001922,Electronics,5,2342.57,2024-01-10,West
ORD001923,Books,3,93.37,2024-02-15,North
ORD001924,Home & Garden,2,112.78,2024-09-09,South
ORD001925,Clothing,1,37.25,2024-05-17,East
ORD001926,Sports & Outdoors,5,146.17,2024-03-27,South
ORD001927,Clothing,3,122.75,2024-10-09,East
ORD001928,Sports & Outdoors,3,164.77,2024-11-15,East
ORD001929,Sports & Outdoors,5,193.06,2024-03-03,South
ORD001930,Books,1,12.06,2024-10-24,South
ORD001931,Electronics,4,1841.85,2024-06-07,North
ORD001932,Books,5,53.15,2024-07-24,East
ORD001933,Clothing,1,42.83,2024-06-10,South
ORD001934,Books,3,96.09,2024-02-22,South
ORD001935,Home & Garden,3,399.01,2024-03-08,North
ORD001936,Clothing,3,290.81,2024-08-14,West
ORD001937,Home & Garden,1,101.34,2024-12-06,East
ORD001938,Electronics,2,773.51,2024-12-13,South
ORD001939,Clothing,1,51.92,2024-08-20,North
ORD001940,Clothing,3,292.28,2024-05-18,South
ORD001941,Electronics,2,586.45,2024-10-05,South
ORD001942,Books,2,27.51,2024-06-16,West
ORD001943,Home & Garden,3,445.56,2024-08-26,North
ORD001944,Sports & Outdoors,4,370.21,2024-04-19,North
ORD001945,Sports & Outdoors,1,58.35,2024-10-11,North
ORD001946,Books,1,34.28,2024-01-08,East
ORD001947,Electronics,5,1635.34,2024-04-22,West
ORD001948,Electronics,3,1368.09,2024-02-28,West
ORD001949,Books,1,22.32,2024-02-15,South
ORD001950,Home & Garden,5,221.54,2024-04-22,South
ORD001951,Home & Garden,3,442.35,2024-09-22,East
ORD001952,Sports & Outdoors,2,183.34,2024-05-12,North
ORD001953,Books,2,40.64,2024-12-11,North
ORD001954,Home & Garden,3,379.15,2024-02-21,West
ORD001955,Books,1,11.24,2024-09-02,West
ORD001956,Electronics,4,1135.49,2024-02-08,East
ORD001957,Home & Garden,2,61.01,2024-07-04,West
ORD001958,Electronics,1,228.36,2024-04-14,West
ORD001959,Electronics,1,72.66,2024-03-13,West
ORD001960,Electronics,3,264.43,2024-05-08,West
ORD001961,Home & Garden,4,165.14,2024-04-02,North
ORD001962,Clothing,3,294.14,2024-11-18,North
ORD001963,Sports & Outdoors,2,272.01,2024-12-18,West
ORD001964,Sports & Outdoors,5,339.4,2024-08-04,North
ORD001965,Electronics,3,172.54,2024-06-14,West
ORD001966,Clothing,4,110.34,2024-04-22,South
ORD001967,Clothing,1,35.67,2024-12-02,West
ORD001968,Electronics,1,268.49,2024-01-29,East
ORD001969,Sports & Outdoors,2,74.89,2024-03-17,South
ORD001970,Electronics,2,299.37,2024-07-09,West
ORD001971,Clothing,5,108.67,2024-08-07,East
ORD001972,Books,5,178.87,2024-12-14,West
ORD001973,Books,1,19.02,2024-07-12,East
ORD001974,Sports & Outdoors,5,230.8,2024-11-17,East
ORD001975,Home & Garden,2,201.86,2024-02-06,South
ORD001976,Electronics,4,1637.87,2024-01-28,East
ORD001977,Books,4,121.31,2024-04-07,South
ORD001978,Clothing,5,464.3,2024-01-10,South
ORD001979,Home & Garden,2,212.51,2024-11-20,South
ORD001980,Books,5,88.86,2024-11-03,West
ORD001981,Books,4,74.51,2024-10-29,North
ORD001982,Sports & Outdoors,2,281.71,2024-07-16,South
ORD001983,Books,2,35.28,2024-11-25,East
ORD001984,Sports & Outdoors,2,256.81,2024-05-27,East
ORD001985,Sports & Outdoors,1,141.73,2024-11-07,East
ORD001986,Home & Garden,5,350.67,2024-12-01,West
ORD001987,Books,2,25.56,2024-10-10,East
ORD001988,Home & Garden,4,126.01,2024-10-28,East
ORD001989,Electronics,4,607.39,2024-05-09,East
ORD001990,Electronics,4,1321.28,2024-01-14,West
ORD001991,Home & Garden,3,302.72,2024-11-02,North
ORD001992,Electronics,5,1749.15,2024-05-16,North
ORD001993,Electronics,4,1674.5,2024-09-12,North
ORD001994,Sports & Outdoors,2,153.71,2024-12-01,East
ORD001995,Books,4,145.89,2024-07-30,South
ORD001996,Home & Garden,1,125.07,2024-11-09,South
ORD001997,Books,1,27.56,2024-06-18,East
ORD001998,Clothing,5,141.58,2024-05-03,North
ORD001999,Home & Garden,3,311.45,2024-10-05,East
ORD002000,Electronics,3,1346.14,2024-01-14,West
ORD002001,Clothing,4,297.01,2024-05-06,East
ORD002002,Books,4,54.74,2024-12-04,East
ORD002003,Home & Garden,5,290.7,2024-02-29,West
ORD002004,Clothing,5,490.62,2024-04-04,South
ORD002005,Books,5,105.33,2024-01-20,West
ORD002006,Home & Garden,2,70.88,2024-07-08,South
ORD002007,Books,2,40.67,2024-04-06,South
ORD002008,Sports & Outdoors,1,105.29,2024-05-07,North
ORD002009,Sports & Outdoors,5,438.44,2024-12-06,East
ORD002010,Books,5,50.26,2024-10-09,South
ORD002011,Electronics,5,444.04,2024-08-25,West
ORD002012,Books,1,37.37,2024-12-16,North
ORD002013,Electronics,4,1882.46,2024-09-30,West
ORD002014,Electronics,1,442.85,2024-03-14,North
ORD002015,Books,2,40.88,2024-04-11,North
ORD002016,Books,4,155.58,2024-03-02,North
ORD002017,Electronics,5,521.35,2024-12-18,West
ORD002018,Electronics,2,188.36,2024-11-15,North
ORD002019,Home & Garden,3,103.45,2024-09-16,North
ORD002020,Sports & Outdoors,2,208.64,2024-12-01,West
ORD002021,Books,2,33.16,2024-11-16,North
ORD002022,Clothing,3,196.48,2024-06-24,North
ORD002023,Clothing,4,250.99,2024-07-06,North
ORD002024,Clothing,2,140.8,2024-01-22,East
ORD002025,Sports & Outdoors,2,139.11,2024-11-28,East
ORD002026,Sports & Outdoors,4,347.47,2024-02-19,South
ORD002027,Electronics,2,288.34,2024-09-24,South
ORD002028,Electronics,3,169.9,2024-05-17,West
ORD002029,Clothing,4,231.18,2024-04-04,West
ORD002030,Electronics,5,849.62,2024-01-15,East
ORD002031,Home & Garden,2,32.65,2024-06-19,East
ORD002032,Clothing,5,193.07,2024-08-14,South
ORD002033,Sports & Outdoors,3,127.49,2024-10-04,East
ORD002034,Books,1,39.45,2024-03-29,South
ORD002035,Home & Garden,2,154.78,2024-10-23,East
ORD002036,Books,2,49.36,2024-09-10,South
ORD002037,Home & Garden,3,273.5,2024-02-12,East
ORD002038,Sports & Outdoors,3,275.03,2024-11-24,West
ORD002039,Home & Garden,1,69.97,2024-10-17,North
ORD002040,Electronics,1,445.86,2024-10-17,West
ORD002041,Clothing,1,39.27,2024-01-23,East
ORD002042,Books,3,94.48,2024-02-02,East
ORD002043,Clothing,4,102.29,2024-01-16,South
ORD002044,Books,4,145.38,2024-05-16,North
ORD002045,Home & Garden,4,393.04,2024-04-02,North
ORD002046,Sports & Outdoors,5,628.02,2024-06-28,East
ORD002047,Sports & Outdoors,5,656.18,2024-08-27,West
ORD002048,Books,3,98.81,2024-04-10,West
ORD002049,Clothing,4,156.37,2024-01-16,East
ORD002050,Sports & Outdoors,5,89.77,2024-11-18,South
ORD002051,Electronics,5,607.22,2024-01-21,North
ORD002052,Home & Garden,3,71.46,2024-12-24,West
ORD002053,Books,2,40.26,2024-05-11,North
ORD002054,Electronics,1,353.43,2024-05-27,North
ORD002055,Home & Garden,3,173.16,2024-05-20,North
ORD002056,Home & Garden,2,31.65,2024-11-04,East
ORD002057,Clothing,5,100.08,2024-12-18,East
ORD002058,Home & Garden,5,421.15,2024-09-19,East
ORD002059,Books,5,63.46,2024-12-26,East
ORD002060,Electronics,2,126.53,2024-11-23,North
ORD002061,Books,2,77.15,2024-04-16,North
ORD002062,Electronics,1,196.23,2024-08-31,North
ORD002063,Books,2,43.55,2024-07-21,South
ORD002064,Clothing,1,57.11,2024-11-07,West
ORD002065,Books,1,34.15,2024-01-01,North
ORD002066,Clothing,5,221.64,2024-06-21,North
ORD002067,Home & Garden,5,703.59,2024-12-02,South
ORD002068,Home & Garden,4,266.49,2024-03-21,East
ORD002069,Clothing,4,273.95,2024-07-22,North
ORD002070,Sports & Outdoors,4,367.02,2024-08-02,South
ORD002071,Books,3,87.03,2024-10-19,South
ORD002072,Clothing,3,146.36,2024-11-08,East
ORD002073,Electronics,1,474.01,2024-12-16,South
ORD002074,Sports & Outdoors,4,147.22,2024-07-11,East
ORD002075,Home & Garden,4,342.06,2024-10-09,West
ORD002076,Sports & Outdoors,3,79.09,2024-11-16,East
ORD002077,Electronics,3,937.0,2024-08-08,North
ORD002078,Home & Garden,3,437.17,2024-09-09,East
ORD002079,Books,4,157.0,2024-12-24,North
ORD002080,Books,4,137.87,2024-12-11,West
ORD002081,Electronics,3,485.9,2024-12-21,South
ORD002082,Electronics,5,2118.63,2024-12-25,East
ORD002083,Clothing,3,299.02,2024-02-01,West
ORD002084,Home & Garden,4,429.07,2024-09-19,West
ORD002085,Books,1,36.67,2024-12-24,West
ORD002086,Home & Garden,3,414.44,2024-04-15,South
ORD002087,Sports & Outdoors,5,239.26,2024-09-20,East
ORD002088,Clothing,5,275.92,2024-10-28,East
ORD002089,Home & Garden,3,132.89,2024-11-16,South
ORD002090,Home & Garden,1,116.07,2024-12-30,East
ORD002091,Books,1,15.99,2024-09-18,North
ORD002092,Electronics,2,603.37,2024-12-08,West
ORD002093,Books,5,124.29,2024-09-09,East
ORD002094,Electronics,5,2336.94,2024-05-14,West
ORD002095,Home & Garden,3,412.36,2024-12-31,South
ORD002096,Home & Garden,4,108.53,2024-05-13,West
ORD002097,Clothing,1,43.52,2024-10-28,South
ORD002098,Clothing,3,200.39,2024-12-04,East
ORD002099,Electronics,3,1364.71,2024-08-20,South
ORD002100,Home & Garden,1,19.32,2024-04-12,South
ORD002101,Electronics,5,1703.08,2024-05-15,East
ORD002102,Books,4,158.41,2024-10-08,East
ORD002103,Home & Garden,2,62.5,2024-04-24,West
ORD002104,Clothing,5,109.71,2024-09-10,North
ORD002105,Clothing,3,212.84,2024-04-13,West
ORD002106,Electronics,5,509.54,2024-05-08,South
ORD002107,Sports & Outdoors,2,249.75,2024-05-12,North
ORD002108,Electronics,3,985.47,2024-08-24,North
ORD002109,Clothing,3,88.4,2024-10-20,South
ORD002110,Electronics,2,906.36,2024-11-15,South
ORD002111,Clothing,5,498.63,2024-08-13,South
ORD002112,Sports & Outdoors,4,124.86,2024-12-05,North
ORD002113,Electronics,3,965.31,2024-12-10,East
ORD002114,Electronics,2,730.6,2024-12-28,East
ORD002115,Books,3,70.59,2024-07-19,East
ORD002116,Electronics,2,289.51,2024-06-12,South
ORD002117,Books,5,65.67,2024-09-24,West
ORD002118,Home & Garden,1,60.75,2024-07-06,East
ORD002119,Home & Garden,5,367.81,2024-05-23,North
ORD002120,Books,4,42.49,2024-07-09,West
ORD002121,Sports & Outdoors,5,535.26,2024-06-04,East
ORD002122,Books,2,61.51,2024-11-17,West
ORD002123,Home & Garden,1,82.3,2024-06-28,North
ORD002124,Books,2,59.86,2024-11-01,East
ORD002125,Home & Garden,4,242.99,2024-07-03,North
ORD002126,Sports & Outdoors,4,326.66,2024-11-23,South
ORD002127,Books,1,31.37,2024-05-10,East
ORD002128,Clothing,4,82.38,2024-11-01,North
ORD002129,Clothing,3,198.52,2024-07-10,North
ORD002130,Home & Garden,4,471.7,2024-01-24,West
ORD002131,Clothing,3,295.08,2024-11-28,South
ORD002132,Sports & Outdoors,3,65.1,2024-07-09,North
ORD002133,Books,4,118.89,2024-06-28,South
ORD002134,Home & Garden,1,94.43,2024-05-21,South
ORD002135,Books,1,26.91,2024-09-14,North
ORD002136,Sports & Outdoors,4,448.86,2024-03-12,North
ORD002137,Books,4,85.35,2024-11-27,North
ORD002138,Electronics,2,669.18,2024-07-17,East
ORD002139,Home & Garden,3,53.69,2024-05-29,North
ORD002140,Clothing,4,345.41,2024-12-28,South
ORD002141,Sports & Outdoors,2,226.71,2024-06-01,West
ORD002142,Clothing,5,338.4,2024-12-28,West
ORD002143,Electronics,1,79.76,2024-01-31,East
ORD002144,Electronics,4,607.54,2024-04-26,West
ORD002145,Clothing,5,420.68,2024-08-16,East
ORD002146,Sports & Outdoors,4,78.86,2024-01-26,West
ORD002147,Sports & Outdoors,2,155.61,2024-08-14,South
ORD002148,Sports & Outdoors,3,224.28,2024-04-24,East
ORD002149,Home & Garden,2,265.85,2024-06-08,East
ORD002150,Electronics,1,326.76,2024-03-15,West
ORD002151,Clothing,5,285.03,2024-03-07,East
ORD002152,Home & Garden,2,66.64,2024-03-22,East
ORD002153,Books,1,14.79,2024-01-12,West
ORD002154,Books,3,78.96,2024-12-31,South
ORD002155,Clothing,3,70.78,2024-10-08,West
ORD002156,Books,5,148.75,2024-03-10,East
ORD002157,Home & Garden,2,139.3,2024-02-03,East
ORD002158,Books,2,55.14,2024-12-18,South
ORD002159,Electronics,3,163.84,2024-12-19,West
ORD002160,Home & Garden,3,123.99,2024-11-26,South
ORD002161,Clothing,4,121.61,2024-02-18,North
ORD002162,Books,4,151.76,2024-10-12,East
ORD002163,Home & Garden,2,138.44,2024-05-20,North
ORD002164,Sports & Outdoors,3,157.71,2024-01-28,South
ORD002165,Home & Garden,5,494.32,2024-01-04,North
ORD002166,Sports & Outdoors,4,71.38,2024-03-27,East
ORD002167,Books,3,103.79,2024-05-08,West
ORD002168,Books,5,160.02,2024-03-25,North
ORD002169,Books,2,60.01,2024-03-27,North
ORD002170,Clothing,3,77.63,2024-06-09,North
ORD002171,Clothing,2,95.77,2024-01-13,West
ORD002172,Clothing,4,358.19,2024-12-24,East
ORD002173,Clothing,1,78.07,2024-08-30,North
ORD002174,Sports & Outdoors,2,88.65,2024-07-23,West
ORD002175,Books,1,13.83,2024-03-30,West
ORD002176,Electronics,1,72.85,2024-08-19,East
ORD002177,Home & Garden,2,32.4,2024-02-23,North
ORD002178,Sports & Outdoors,2,127.95,2024-07-12,South
ORD002179,Books,2,68.1,2024-01-16,North
ORD002180,Books,3,114.54,2024-09-22,West
ORD002181,Books,4,117.88,2024-11-04,East
ORD002182,Sports & Outdoors,2,51.92,2024-08-13,South
ORD002183,Home & Garden,4,96.04,2024-02-02,North
ORD002184,Books,5,139.19,2024-09-16,South
ORD002185,Electronics,2,913.14,2024-08-29,North
ORD002186,Sports & Outdoors,3,220.29,2024-04-07,East
ORD002187,Sports & Outdoors,3,334.1,2024-10-10,West
ORD002188,Sports & Outdoors,1,16.44,2024-10-01,West
ORD002189,Home & Garden,2,257.41,2024-10-28,North
ORD002190,Clothing,2,117.58,2024-04-15,South
ORD002191,Home & Garden,2,41.58,2024-04-14,West
ORD002192,Home & Garden,5,265.85,2024-01-04,East
ORD002193,Sports & Outdoors,2,255.03,2024-08-30,South
ORD002194,Sports & Outdoors,1,122.73,2024-10-19,South
ORD002195,Electronics,1,90.85,2024-10-03,East
ORD002196,Sports & Outdoors,3,284.61,2024-10-02,South
ORD002197,Books,4,129.52,2024-01-07,North
ORD002198,Home & Garden,4,234.36,2024-08-16,North
ORD002199,Electronics,4,1614.81,2024-12-06,West
ORD002200,Sports & Outdoors,4,598.76,2024-04-06,East
ORD002201,Sports & Outdoors,3,412.24,2024-05-15,East
ORD002202,Sports & Outdoors,1,146.7,2024-09-13,North
ORD002203,Electronics,5,476.38,2024-09-06,West
ORD002204,Sports & Outdoors,5,391.14,2024-01-23,North
ORD002205,Books,3,35.58,2024-05-29,South
ORD002206,Home & Garden,4,390.57,2024-11-21,North
ORD002207,Sports & Outdoors,2,266.82,2024-02-10,North
ORD002208,Home & Garden,4,78.22,2024-12-17,North
ORD002209,Sports & Outdoors,5,137.15,2024-03-17,South
ORD002210,Books,4,41.35,2024-09-29,West
ORD002211,Books,3,89.54,2024-05-30,East
ORD002212,Clothing,4,326.24,2024-08-11,South
ORD002213,Home & Garden,2,59.62,2024-09-08,South
ORD002214,Sports & Outdoors,1,122.36,2024-05-24,South
ORD002215,Sports & Outdoors,1,119.27,2024-03-19,South
ORD002216,Books,1,11.09,2024-05-14,South
ORD002217,Home & Garden,3,82.58,2024-03-12,North
ORD002218,Books,1,11.54,2024-11-24,South
ORD002219,Electronics,4,1990.01,2024-04-22,North
ORD002220,Sports & Outdoors,4,458.17,2024-06-07,North
ORD002221,Sports & Outdoors,5,165.94,2024-08-01,East
ORD002222,Books,4,119.64,2024-04-14,North
ORD002223,Books,4,48.77,2024-01-23,South
ORD002224,Home & Garden,4,449.3,2024-10-09,South
ORD002225,Clothing,3,211.5,2024-08-07,South
ORD002226,Clothing,1,72.69,2024-05-17,East
ORD002227,Sports & Outdoors,2,67.36,2024-01-30,West
ORD002228,Clothing,2,107.23,2024-01-05,West
ORD002229,Books,4,79.68,2024-02-24,West
ORD002230,Clothing,5,116.49,2024-03-13,East
ORD002231,Home & Garden,2,243.01,2024-09-07,South
ORD002232,Clothing,5,258.73,2024-06-21,East
ORD002233,Books,5,166.42,2024-06-26,East
ORD002234,Clothing,1,31.39,2024-04-20,South
ORD002235,Clothing,3,214.35,2024-10-16,North
ORD002236,Electronics,2,252.16,2024-05-07,West
ORD002237,Home & Garden,1,61.37,2024-11-21,East
ORD002238,Electronics,4,1888.56,2024-02-24,East
ORD002239,Books,2,62.31,2024-10-18,South
ORD002240,Home & Garden,4,198.83,2024-11-21,East
ORD002241,Home & Garden,4,391.13,2024-08-19,South
ORD002242,Sports & Outdoors,2,258.26,2024-06-16,East
ORD002243,Clothing,1,28.14,2024-05-25,East
ORD002244,Electronics,5,2422.7,2024-01-02,South
ORD002245,Clothing,5,369.45,2024-02-08,North
ORD002246,Home & Garden,3,238.01,2024-10-30,North
ORD002247,Electronics,5,1843.92,2024-12-12,North
ORD002248,Sports & Outdoors,1,56.67,2024-05-02,South
ORD002249,Home & Garden,2,203.69,2024-07-06,East
ORD002250,Books,3,82.31,2024-12-05,West
ORD002251,Electronics,3,1445.56,2024-06-16,East
ORD002252,Books,1,33.12,2024-05-27,South
ORD002253,Electronics,1,322.57,2024-03-26,North
ORD002254,Home & Garden,5,166.37,2024-03-29,East
ORD002255,Sports & Outdoors,1,108.14,2024-02-12,North
ORD002256,Clothing,4,307.28,2024-01-23,North
ORD002257,Electronics,3,846.89,2024-10-29,North
ORD002258,Home & Garden,1,50.73,2024-06-02,North
ORD002259,Sports & Outdoors,4,453.44,2024-08-20,South
ORD002260,Books,3,88.58,2024-12-24,East
ORD002261,Clothing,5,123.19,2024-05-05,East
ORD002262,Sports & Outdoors,1,92.47,2024-03-02,South
ORD002263,Home & Garden,4,327.15,2024-08-25,East
ORD002264,Books,5,102.01,2024-08-22,North
ORD002265,Home & Garden,1,100.44,2024-07-10,West
ORD002266,Clothing,3,76.34,2024-11-30,North
ORD002267,Electronics,2,788.38,2024-09-22,West
ORD002268,Sports & Outdoors,2,270.52,2024-06-02,South
ORD002269,Books,1,12.91,2024-01-23,West
ORD002270,Sports & Outdoors,5,661.18,2024-02-11,South
ORD002271,Sports & Outdoors,2,216.34,2024-09-06,North
ORD002272,Electronics,4,782.31,2024-05-01,East
ORD002273,Electronics,3,696.97,2024-05-08,North
ORD002274,Home & Garden,2,218.9,2024-04-07,South
ORD002275,Books,3,38.26,2024-03-30,South
ORD002276,Clothing,4,279.58,2024-11-07,North
ORD002277,Clothing,2,86.1,2024-11-28,West
ORD002278,Electronics,5,1701.54,2024-03-14,East
ORD002279,Clothing,5,389.69,2024-06-06,North
ORD002280,Home & Garden,4,411.76,2024-05-25,North
ORD002281,Books,4,133.84,2024-06-19,East
ORD002282,Electronics,4,332.63,2024-10-28,South
ORD002283,Books,5,165.17,2024-07-25,East
ORD002284,Books,1,26.6,2024-04-02,North
ORD002285,Books,4,134.46,2024-12-26,East
ORD002286,Clothing,2,113.33,2024-01-12,East
ORD002287,Sports & Outdoors,2,295.39,2024-11-09,West
ORD002288,Sports & Outdoors,5,356.26,2024-03-20,South
ORD002289,Clothing,2,125.04,2024-10-27,South
ORD002290,Electronics,1,465.93,2024-07-03,West
ORD002291,Clothing,3,211.55,2024-03-18,North
ORD002292,Electronics,1,239.69,2024-01-21,North
ORD002293,Sports & Outdoors,1,25.15,2024-07-14,East
ORD002294,Books,2,48.94,2024-08-02,South
ORD002295,Clothing,2,52.28,2024-11-17,West
ORD002296,Sports & Outdoors,5,406.97,2024-01-04,South
ORD002297,Home & Garden,4,593.85,2024-02-01,West
ORD002298,Clothing,3,157.39,2024-01-25,North
ORD002299,Sports & Outdoors,3,116.84,2024-04-25,South
ORD002300,Clothing,3,105.29,2024-11-06,South
ORD002301,Clothing,1,51.07,2024-04-22,South
ORD002302,Home & Garden,2,285.9,2024-05-10,South
ORD002303,Electronics,1,465.18,2024-07-08,West
ORD002304,Clothing,3,212.5,2024-07-13,West
ORD002305,Books,1,29.31,2024-01-29,East
ORD002306,Books,2,55.59,2024-10-20,North
ORD002307,Sports & Outdoors,3,159.82,2024-09-26,West
ORD002308,Electronics,4,1621.39,2024-06-09,West
ORD002309,Electronics,5,1395.66,2024-02-13,North
ORD002310,Clothing,3,270.57,2024-10-27,South
ORD002311,Books,3,84.58,2024-01-28,East
ORD002312,Sports & Outdoors,2,191.58,2024-04-15,South
ORD002313,Electronics,3,677.33,2024-03-20,South
ORD002314,Electronics,4,847.86,2024-11-04,West
ORD002315,Sports & Outdoors,5,98.86,2024-08-17,West
ORD002316,Electronics,1,132.52,2024-09-05,West
ORD002317,Clothing,1,31.61,2024-11-14,South
ORD002318,Clothing,4,388.51,2024-02-26,West
ORD002319,Books,2,34.61,2024-03-28,North
ORD002320,Electronics,4,1032.68,2024-09-21,East
ORD002321,Home & Garden,5,735.21,2024-07-15,East
ORD002322,Books,1,36.9,2024-09-23,West
ORD002323,Books,1,10.39,2024-09-24,North
ORD002324,Sports & Outdoors,5,186.83,2024-06-30,East
ORD002325,Sports & Outdoors,2,184.14,2024-05-24,South
ORD002326,Clothing,4,221.32,2024-03-13,West
ORD002327,Clothing,2,86.11,2024-01-08,West
ORD002328,Books,2,42.36,2024-02-02,South
ORD002329,Books,4,73.62,2024-09-05,South
ORD002330,Electronics,5,2268.71,2024-08-26,East
ORD002331,Clothing,3,102.88,2024-12-15,North
ORD002332,Books,5,182.79,2024-05-22,South
ORD002333,Sports & Outdoors,4,67.13,2024-07-13,North
ORD002334,Clothing,5,364.07,2024-01-16,West
ORD002335,Home & Garden,5,718.41,2024-03-30,North
ORD002336,Books,3,64.97,2024-06-07,North
ORD002337,Home & Garden,3,86.32,2024-03-07,East
ORD002338,Home & Garden,4,595.02,2024-05-24,North
ORD002339,Sports & Outdoors,5,608.13,2024-01-05,West
ORD002340,Electronics,5,823.5,2024-06-25,West
ORD002341,Clothing,1,45.79,2024-05-11,South
ORD002342,Electronics,2,117.95,2024-12-09,East
ORD002343,Electronics,4,905.48,2024-03-18,East
ORD002344,Home & Garden,2,114.09,2024-06-19,West
ORD002345,Home & Garden,5,586.98,2024-05-13,East
ORD002346,Home & Garden,3,267.59,2024-10-21,West
ORD002347,Books,5,193.24,2024-06-18,East
ORD002348,Sports & Outdoors,3,235.96,2024-02-09,East
ORD002349,Clothing,5,327.18,2024-09-24,North
ORD002350,Clothing,3,161.89,2024-01-30,North
ORD002351,Clothing,5,484.72,2024-08-24,East
ORD002352,Books,2,44.67,2024-04-21,West
ORD002353,Clothing,4,194.65,2024-08-11,North
ORD002354,Sports & Outdoors,4,278.88,2024-04-14,North
ORD002355,Books,5,135.02,2024-04-28,North
ORD002356,Books,3,37.62,2024-01-28,West
ORD002357,Home & Garden,4,83.09,2024-04-16,West
ORD002358,Sports & Outdoors,4,389.06,2024-10-28,East
ORD002359,Clothing,1,23.51,2024-04-30,East
ORD002360,Sports & Outdoors,5,195.82,2024-05-03,South
ORD002361,Books,3,62.61,2024-03-17,West
ORD002362,Clothing,4,105.91,2024-07-24,North
ORD002363,Sports & Outdoors,3,432.12,2024-02-07,East
ORD002364,Books,3,115.45,2024-03-29,North
ORD002365,Home & Garden,3,108.44,2024-06-27,South
ORD002366,Sports & Outdoors,4,166.92,2024-08-25,East
ORD002367,Home & Garden,5,728.58,2024-04-20,South
ORD002368,Sports & Outdoors,1,137.79,2024-10-17,East
ORD002369,Sports & Outdoors,1,84.43,2024-05-05,East
ORD002370,Home & Garden,3,164.44,2024-12-24,South
ORD002371,Electronics,5,1674.35,2024-07-01,East
ORD002372,Home & Garden,5,189.6,2024-05-29,East
ORD002373,Clothing,5,403.63,2024-07-05,West
ORD002374,Clothing,5,189.1,2024-12-12,West
ORD002375,Books,1,26.29,2024-01-29,South
ORD002376,Books,4,101.46,2024-06-25,North
ORD002377,Sports & Outdoors,2,234.95,2024-06-15,South
ORD002378,Clothing,1,52.48,2024-06-23,North
ORD002379,Clothing,4,150.91,2024-12-24,South
ORD002380,Home & Garden,3,186.84,2024-04-16,East
ORD002381,Books,5,167.3,2024-07-16,South
ORD002382,Clothing,2,77.79,2024-09-02,North
ORD002383,Books,1,26.73,2024-12-16,East
ORD002384,Clothing,5,162.86,2024-06-08,East
ORD002385,Sports & Outdoors,2,90.78,2024-02-26,South
ORD002386,Clothing,3,156.53,2024-01-23,South
ORD002387,Clothing,2,113.7,2024-07-13,East
ORD002388,Home & Garden,3,126.48,2024-09-13,East
ORD002389,Sports & Outdoors,2,287.06,2024-12-12,West
ORD002390,Sports & Outdoors,4,299.47,2024-01-26,West
ORD002391,Home & Garden,4,457.09,2024-11-22,West
ORD002392,Books,3,63.37,2024-11-24,West
ORD002393,Sports & Outdoors,2,231.24,2024-01-12,West
ORD002394,Clothing,1,90.33,2024-07-25,North
ORD002395,Clothing,1,85.04,2024-08-30,North
ORD002396,Electronics,5,1626.05,2024-01-15,East
ORD002397,Home & Garden,1,113.15,2024-08-16,East
ORD002398,Clothing,5,218.64,2024-07-18,West
ORD002399,Electronics,4,574.41,2024-12-23,North
ORD002400,Home & Garden,4,318.43,2024-11-16,South
ORD002401,Sports & Outdoors,3,45.71,2024-09-27,East
ORD002402,Books,4,51.82,2024-11-07,South
ORD002403,Books,5,171.78,2024-08-09,West
ORD002404,Electronics,2,631.49,2024-08-24,West
ORD002405,Electronics,1,186.61,2024-06-06,East
ORD002406,Home & Garden,5,163.51,2024-10-28,South
ORD002407,Sports & Outdoors,3,123.07,2024-02-11,West
ORD002408,Home & Garden,5,522.68,2024-04-15,East
ORD002409,Books,5,123.73,2024-08-05,East
ORD002410,Electronics,2,153.68,2024-08-14,North
ORD002411,Sports & Outdoors,1,71.53,2024-09-05,East
ORD002412,Electronics,4,508.79,2024-11-09,East
ORD002413,Electronics,5,987.49,2024-07-06,West
ORD002414,Electronics,4,1127.31,2024-11-08,North
ORD002415,Electronics,2,975.64,2024-10-18,North
ORD002416,Home & Garden,4,391.19,2024-05-28,South
ORD002417,Electronics,3,746.74,2024-09-16,West
ORD002418,Home & Garden,5,485.41,2024-10-13,North
ORD002419,Electronics,4,248.48,2024-02-05,South
ORD002420,Electronics,2,903.29,2024-05-10,South
ORD002421,Sports & Outdoors,1,119.18,2024-12-09,West
ORD002422,Sports & Outdoors,1,52.49,2024-01-03,North
ORD002423,Sports & Outdoors,4,128.24,2024-02-15,North
ORD002424,Books,2,31.43,2024-08-10,East
ORD002425,Clothing,3,140.72,2024-11-10,West
ORD002426,Home & Garden,4,213.28,2024-04-12,West
ORD002427,Clothing,1,85.42,2024-01-30,East
ORD002428,Electronics,4,1138.01,2024-02-15,North
ORD002429,Books,4,124.58,2024-02-21,West
ORD002430,Clothing,1,30.09,2024-10-20,North
ORD002431,Books,3,54.07,2024-04-18,South
ORD002432,Books,5,180.08,2024-05-15,South
ORD002433,Books,5,163.85,2024-06-16,North
ORD002434,Books,3,58.46,2024-03-19,West
ORD002435,Electronics,3,417.23,2024-06-08,South
ORD002436,Home & Garden,2,236.53,2024-08-09,South
ORD002437,Electronics,5,1284.13,2024-06-03,East
ORD002438,Books,3,37.16,2024-12-13,West
ORD002439,Electronics,5,731.73,2024-08-18,East
ORD002440,Clothing,1,26.62,2024-06-18,South
ORD002441,Electronics,1,315.78,2024-09-02,West
ORD002442,Electronics,3,530.34,2024-01-26,North
ORD002443,Home & Garden,4,399.94,2024-10-18,West
ORD002444,Clothing,5,250.6,2024-02-23,East
ORD002445,Sports & Outdoors,5,715.75,2024-02-24,West
ORD002446,Books,4,64.59,2024-10-10,West
ORD002447,Electronics,5,1190.83,2024-01-10,North
ORD002448,Books,4,147.59,2024-05-16,North
ORD002449,Electronics,1,440.33,2024-12-10,South
ORD002450,Home & Garden,2,251.58,2024-12-31,South
ORD002451,Home & Garden,1,111.63,2024-02-14,East
ORD002452,Clothing,2,175.83,2024-07-11,North
ORD002453,Books,5,82.64,2024-01-25,South
ORD002454,Books,5,117.37,2024-02-11,South
ORD002455,Sports & Outdoors,3,155.46,2024-06-27,West
ORD002456,Electronics,2,657.56,2024-02-08,West
ORD002457,Home & Garden,2,245.05,2024-06-03,South
ORD002458,Electronics,4,367.54,2024-02-04,West
ORD002459,Sports & Outdoors,3,149.22,2024-10-27,North
ORD002460,Electronics,1,282.71,2024-10-03,East
ORD002461,Books,4,71.44,2024-12-04,East
ORD002462,Sports & Outdoors,3,417.92,2024-03-07,West
ORD002463,Sports & Outdoors,1,16.71,2024-04-29,West
ORD002464,Books,3,76.12,2024-08-08,North
ORD002465,Home & Garden,1,100.27,2024-10-15,East
ORD002466,Books,2,20.05,2024-11-15,North
ORD002467,Electronics,4,1386.35,2024-09-20,North
ORD002468,Home & Garden,2,151.86,2024-12-09,East
ORD002469,Sports & Outdoors,5,493.08,2024-11-02,North
ORD002470,Electronics,2,350.14,2024-05-07,North
ORD002471,Electronics,5,2044.0,2024-08-26,North
ORD002472,Electronics,5,1372.61,2024-02-18,South
ORD002473,Home & Garden,3,229.94,2024-08-17,West
ORD002474,Clothing,5,219.79,2024-12-13,East
ORD002475,Electronics,5,354.28,2024-07-22,North
ORD002476,Sports & Outdoors,3,115.17,2024-01-23,South
ORD002477,Clothing,5,138.66,2024-07-19,East
ORD002478,Books,2,35.42,2024-08-12,East
ORD002479,Books,4,64.44,2024-02-05,North
ORD002480,Sports & Outdoors,5,543.43,2024-05-03,North
ORD002481,Electronics,4,1394.64,2024-05-16,West
ORD002482,Clothing,4,132.41,2024-10-10,East
ORD002483,Home & Garden,2,125.46,2024-05-16,North
ORD002484,Clothing,2,158.83,2024-01-20,West
ORD002485,Home & Garden,2,225.69,2024-05-05,North
ORD002486,Home & Garden,4,450.36,2024-08-02,East
ORD002487,Electronics,3,949.93,2024-02-02,East
ORD002488,Sports & Outdoors,2,265.4,2024-01-10,East
ORD002489,Books,3,106.93,2024-12-10,South
ORD002490,Sports & Outdoors,3,141.41,2024-12-09,West
ORD002491,Electronics,1,81.83,2024-06-28,North
ORD002492,Sports & Outdoors,1,38.31,2024-08-28,North
ORD002493,Books,4,66.54,2024-11-28,South
ORD002494,Electronics,4,1095.33,2024-05-07,East
ORD002495,Sports & Outdoors,5,704.77,2024-10-14,East
ORD002496,Electronics,3,964.21,2024-03-24,West
ORD002497,Clothing,1,66.68,2024-10-30,West
ORD002498,Sports & Outdoors,5,578.38,2024-08-08,North
ORD002499,Home & Garden,4,540.43,2024-06-28,East
ORD002500,Books,1,36.39,2024-07-11,South
ORD002501,Books,3,51.11,2024-12-22,North
ORD002502,Clothing,2,81.49,2024-12-20,West
ORD002503,Books,3,71.52,2024-05-06,West
ORD002504,Electronics,3,661.65,2024-03-15,South
ORD002505,Books,2,34.94,2024-05-25,North
ORD002506,Books,4,64.37,2024-07-12,South
ORD002507,Clothing,1,26.3,2024-07-25,East
ORD002508,Electronics,4,249.23,2024-02-17,South
ORD002509,Clothing,2,66.43,2024-06-01,North
ORD002510,Home & Garden,4,420.21,2024-06-12,West
ORD002511,Books,4,116.15,2024-11-21,East
ORD002512,Electronics,3,1443.62,2024-12-16,North
ORD002513,Home & Garden,5,527.91,2024-12-09,South
ORD002514,Clothing,3,74.6,2024-07-14,South
ORD002515,Home & Garden,3,197.76,2024-11-19,South
ORD002516,Books,3,35.73,2024-08-30,South
ORD002517,Sports & Outdoors,3,114.8,2024-08-04,South
ORD002518,Clothing,5,144.15,2024-04-19,South
ORD002519,Home & Garden,5,135.92,2024-10-06,South
ORD002520,Books,2,70.46,2024-03-15,West
ORD002521,Books,4,108.25,2024-08-23,South
ORD002522,Clothing,1,82.25,2024-12-25,South
ORD002523,Clothing,1,70.03,2024-01-07,South
ORD002524,Home & Garden,5,76.6,2024-10-07,North
ORD002525,Sports & Outdoors,3,301.4,2024-12-26,North
ORD002526,Home & Garden,4,307.9,2024-01-15,North
ORD002527,Clothing,2,107.03,2024-03-24,East
ORD002528,Clothing,1,32.78,2024-10-08,West
ORD002529,Sports & Outdoors,2,86.91,2024-06-22,West
ORD002530,Clothing,5,273.69,2024-05-30,South
ORD002531,Electronics,4,483.35,2024-10-17,South
ORD002532,Books,1,19.57,2024-10-29,South
ORD002533,Books,4,152.51,2024-07-01,North
ORD002534,Books,2,31.38,2024-07-18,West
ORD002535,Electronics,4,1254.14,2024-06-13,South
ORD002536,Sports & Outdoors,4,235.47,2024-01-16,South
ORD002537,Clothing,4,333.07,2024-08-09,North
ORD002538,Electronics,3,595.04,2024-10-11,East
ORD002539,Clothing,1,45.45,2024-07-12,South
ORD002540,Home & Garden,4,288.22,2024-09-12,South
ORD002541,Sports & Outdoors,1,126.85,2024-03-02,South
ORD002542,Electronics,3,998.5,2024-12-23,South
ORD002543,Home & Garden,4,171.99,2024-11-29,West
ORD002544,Electronics,4,672.26,2024-10-31,South
ORD002545,Sports & Outdoors,5,425.27,2024-12-08,West
ORD002546,Home & Garden,1,121.54,2024-03-07,North
ORD002547,Books,5,192.37,2024-03-07,North
ORD002548,Books,2,49.53,2024-06-04,West
ORD002549,Sports & Outdoors,4,478.97,2024-04-03,West
ORD002550,Clothing,3,120.79,2024-04-23,East
ORD002551,Sports & Outdoors,5,573.28,2024-12-16,East
ORD002552,Electronics,4,817.95,2024-03-03,West
ORD002553,Electronics,3,823.23,2024-09-07,South
ORD002554,Home & Garden,5,177.14,2024-09-21,North
ORD002555,Sports & Outdoors,2,261.99,2024-05-10,North
ORD002556,Home & Garden,3,418.18,2024-02-04,North
ORD002557,Sports & Outdoors,3,308.27,2024-07-21,East
ORD002558,Clothing,2,131.86,2024-03-03,South
ORD002559,Sports & Outdoors,5,380.85,2024-04-16,North
ORD002560,Sports & Outdoors,5,343.77,2024-11-09,West
ORD002561,Books,5,67.97,2024-03-28,East
ORD002562,Electronics,4,1457.98,2024-08-15,West
ORD002563,Clothing,4,393.24,2024-12-08,West
ORD002564,Electronics,3,1382.89,2024-12-20,North
ORD002565,Home & Garden,2,105.01,2024-06-03,South
ORD002566,Sports & Outdoors,5,319.05,2024-05-09,East
ORD002567,Clothing,5,386.43,2024-10-05,North
ORD002568,Books,5,114.48,2024-10-24,East
ORD002569,Books,3,87.33,2024-03-21,East
ORD002570,Books,1,26.26,2024-11-22,East
ORD002571,Electronics,3,1014.37,2024-07-13,South
ORD002572,Books,5,177.66,2024-05-31,East
ORD002573,Clothing,2,125.44,2024-02-24,South
ORD002574,Sports & Outdoors,4,583.4,2024-03-25,East
ORD002575,Clothing,5,258.84,2024-03-30,North
ORD002576,Home & Garden,2,178.19,2024-03-04,South
ORD002577,Sports & Outdoors,2,254.29,2024-10-25,North
ORD002578,Sports & Outdoors,1,126.75,2024-09-05,North
ORD002579,Books,3,67.19,2024-12-23,North
ORD002580,Sports & Outdoors,3,157.81,2024-12-15,South
ORD002581,Clothing,4,140.57,2024-09-27,North
ORD002582,Sports & Outdoors,5,622.96,2024-11-22,West
ORD002583,Clothing,5,154.48,2024-11-24,North
ORD002584,Clothing,1,62.05,2024-04-20,West
ORD002585,Sports & Outdoors,2,124.21,2024-08-14,East
ORD002586,Clothing,3,286.72,2024-07-18,North
ORD002587,Clothing,5,234.29,2024-06-20,South
ORD002588,Books,3,76.97,2024-08-05,West
ORD002589,Books,5,177.82,2024-12-17,South
ORD002590,Electronics,3,1308.29,2024-01-03,West
ORD002591,Clothing,3,67.09,2024-11-19,South
ORD002592,Clothing,1,59.15,2024-05-03,North
ORD002593,Sports & Outdoors,3,395.86,2024-08-18,North
ORD002594,Sports & Outdoors,3,210.79,2024-09-19,West
ORD002595,Sports & Outdoors,2,184.42,2024-04-17,West
ORD002596,Books,5,96.46,2024-01-13,North
ORD002597,Sports & Outdoors,3,159.97,2024-02-17,West
ORD002598,Home & Garden,5,344.44,2024-02-27,West
ORD002599,Sports & Outdoors,3,333.45,2024-05-06,East
ORD002600,Home & Garden,3,131.39,2024-06-27,North
ORD002601,Clothing,1,77.15,2024-07-10,North
ORD002602,Books,5,192.3,2024-07-14,North
ORD002603,Books,4,111.46,2024-02-11,South
ORD002604,Books,1,24.12,2024-11-19,West
ORD002605,Sports & Outdoors,4,293.15,2024-03-26,West
ORD002606,Clothing,2,129.57,2024-09-11,North
ORD002607,Books,1,37.39,2024-06-15,North
ORD002608,Clothing,5,493.51,2024-04-10,East
ORD002609,Sports & Outdoors,2,133.46,2024-02-08,North
ORD002610,Electronics,5,2117.47,2024-09-05,East
ORD002611,Books,2,29.66,2024-10-27,North
ORD002612,Home & Garden,1,91.54,2024-08-23,South
ORD002613,Books,4,133.51,2024-11-29,North
ORD002614,Sports & Outdoors,2,193.39,2024-06-16,South
ORD002615,Sports & Outdoors,4,353.39,2024-09-27,East
ORD002616,Sports & Outdoors,5,627.59,2024-04-20,North
ORD002617,Electronics,3,649.66,2024-01-18,West
ORD002618,Clothing,2,110.21,2024-05-31,North
ORD002619,Sports & Outdoors,4,254.54,2024-11-23,East
ORD002620,Home & Garden,5,301.7,2024-12-14,South
ORD002621,Electronics,1,347.99,2024-10-24,South
ORD002622,Books,4,46.3,2024-03-21,South
ORD002623,Home & Garden,2,149.99,2024-03-10,East
ORD002624,Books,1,27.36,2024-07-18,South
ORD002625,Clothing,5,452.46,2024-07-10,West
ORD002626,Clothing,1,20.52,2024-05-09,South
ORD002627,Clothing,4,279.18,2024-11-23,East
ORD002628,Electronics,4,1028.52,2024-09-08,East
ORD002629,Home & Garden,2,165.18,2024-11-19,South
ORD002630,Home & Garden,2,206.61,2024-09-25,West
ORD002631,Clothing,3,60.62,2024-12-09,East
ORD002632,Home & Garden,1,127.09,2024-05-20,West
ORD002633,Books,4,81.38,2024-08-07,West
ORD002634,Sports & Outdoors,3,193.89,2024-09-11,East
ORD002635,Electronics,2,563.49,2024-12-05,East
ORD002636,Home & Garden,5,126.83,2024-11-03,West
ORD002637,Home & Garden,1,22.46,2024-10-24,South
ORD002638,Books,4,112.93,2024-03-19,East
ORD002639,Home & Garden,5,409.83,2024-08-09,West
ORD002640,Books,1,10.54,2024-06-04,North
ORD002641,Clothing,4,212.74,2024-10-22,East
ORD002642,Sports & Outdoors,4,423.21,2024-08-03,East
ORD002643,Electronics,1,95.7,2024-12-30,West
ORD002644,Clothing,5,480.01,2024-06-15,North
ORD002645,Home & Garden,4,448.11,2024-07-14,North
ORD002646,Electronics,1,229.29,2024-12-03,South
ORD002647,Books,3,68.8,2024-01-17,South
ORD002648,Clothing,1,86.29,2024-03-03,North
ORD002649,Electronics,2,891.5,2024-02-14,West
ORD002650,Clothing,2,93.52,2024-08-04,North
ORD002651,Clothing,3,298.38,2024-06-20,East
ORD002652,Home & Garden,5,662.84,2024-12-27,North
ORD002653,Home & Garden,4,304.56,2024-08-16,North
ORD002654,Sports & Outdoors,3,275.04,2024-04-28,North
ORD002655,Home & Garden,3,425.59,2024-07-20,South
ORD002656,Sports & Outdoors,3,186.38,2024-12-14,North
ORD002657,Sports & Outdoors,4,60.45,2024-05-20,East
ORD002658,Electronics,4,1591.23,2024-03-23,North
ORD002659,Books,5,57.08,2024-09-23,East
ORD002660,Clothing,4,122.26,2024-09-19,South
ORD002661,Electronics,1,294.04,2024-08-18,East
ORD002662,Sports & Outdoors,1,29.64,2024-10-05,South
ORD002663,Clothing,1,20.36,2024-08-01,West
ORD002664,Books,1,25.52,2024-03-07,North
ORD002665,Clothing,1,77.67,2024-05-06,North
ORD002666,Electronics,4,555.98,2024-07-19,South
ORD002667,Books,4,81.8,2024-10-19,North
ORD002668,Electronics,3,827.72,2024-02-01,East
ORD002669,Sports & Outdoors,3,277.88,2024-10-09,West
ORD002670,Books,4,101.41,2024-05-23,North
ORD002671,Books,1,19.68,2024-03-24,West
ORD002672,Home & Garden,3,302.88,2024-07-13,East
ORD002673,Electronics,2,705.85,2024-10-15,South
ORD002674,Home & Garden,2,176.57,2024-08-26,North
ORD002675,Sports & Outdoors,4,580.5,2024-04-07,North
ORD002676,Sports & Outdoors,3,303.23,2024-09-17,North
ORD002677,Books,4,72.44,2024-06-25,South
ORD002678,Books,4,142.13,2024-12-07,North
ORD002679,Clothing,3,139.99,2024-08-10,South
ORD002680,Home & Garden,1,75.63,2024-08-25,North
ORD002681,Clothing,1,58.12,2024-11-23,North
ORD002682,Home & Garden,4,586.17,2024-05-22,North
ORD002683,Sports & Outdoors,3,401.95,2024-11-15,East
ORD002684,Home & Garden,5,311.15,2024-05-13,East
ORD002685,Clothing,4,313.32,2024-12-10,North
ORD002686,Electronics,1,335.53,2024-08-17,South
ORD002687,Books,2,77.44,2024-11-25,South
ORD002688,Home & Garden,4,445.65,2024-10-10,South
ORD002689,Electronics,1,410.46,2024-07-11,South
ORD002690,Home & Garden,4,474.83,2024-04-05,South
ORD002691,Sports & Outdoors,1,62.17,2024-08-16,South
ORD002692,Books,4,56.88,2024-12-17,South
ORD002693,Sports & Outdoors,4,339.92,2024-10-16,North
ORD002694,Home & Garden,2,246.1,2024-01-15,South
ORD002695,Books,1,20.92,2024-02-19,North
ORD002696,Electronics,5,1721.05,2024-09-02,West
ORD002697,Clothing,4,176.01,2024-01-23,South
ORD002698,Home & Garden,3,224.56,2024-01-30,East
ORD002699,Electronics,2,445.53,2024-11-05,East
ORD002700,Sports & Outdoors,1,74.77,2024-02-23,South
ORD002701,Home & Garden,5,710.19,2024-11-11,South
ORD002702,Books,3,34.67,2024-02-27,West
ORD002703,Books,4,93.12,2024-07-01,South
ORD002704,Sports & Outdoors,1,66.78,2024-02-11,East
ORD002705,Books,2,27.58,2024-01-02,South
ORD002706,Sports & Outdoors,4,417.07,2024-08-07,North
ORD002707,Electronics,2,233.09,2024-02-09,South
ORD002708,Home & Garden,3,308.22,2024-04-11,East
ORD002709,Electronics,5,925.57,2024-05-16,West
ORD002710,Home & Garden,1,136.25,2024-11-13,East
ORD002711,Books,5,123.58,2024-07-05,West
ORD002712,Clothing,1,83.46,2024-10-18,South
ORD002713,Clothing,3,281.87,2024-02-15,East
ORD002714,Clothing,1,58.99,2024-02-25,East
ORD002715,Clothing,5,297.16,2024-10-06,North
ORD002716,Electronics,5,981.62,2024-04-25,East
ORD002717,Books,1,39.37,2024-02-01,East
ORD002718,Sports & Outdoors,4,370.94,2024-04-20,East
ORD002719,Home & Garden,5,84.73,2024-09-19,East
ORD002720,Electronics,3,1288.9,2024-03-28,South
ORD002721,Clothing,2,43.88,2024-09-02,East
ORD002722,Home & Garden,2,48.84,2024-05-19,North
ORD002723,Electronics,2,638.73,2024-08-04,West
ORD002724,Home & Garden,1,87.36,2024-02-28,East
ORD002725,Home & Garden,1,63.72,2024-07-06,West
ORD002726,Clothing,5,169.45,2024-08-31,East
ORD002727,Sports & Outdoors,4,98.47,2024-12-16,East
ORD002728,Home & Garden,5,227.73,2024-12-28,North
ORD002729,Home & Garden,4,378.6,2024-07-14,West
ORD002730,Home & Garden,4,257.84,2024-11-01,West
ORD002731,Clothing,5,374.84,2024-08-12,West
ORD002732,Electronics,1,247.32,2024-03-29,North
ORD002733,Electronics,2,862.42,2024-07-24,East
ORD002734,Home & Garden,1,46.44,2024-07-30,South
ORD002735,Electronics,1,155.01,2024-10-19,South
ORD002736,Sports & Outdoors,2,140.37,2024-04-15,West
ORD002737,Clothing,2,55.73,2024-06-24,East
ORD002738,Home & Garden,4,232.61,2024-02-19,West
ORD002739,Clothing,4,362.62,2024-08-15,North
ORD002740,Clothing,4,301.07,2024-03-01,North
ORD002741,Books,3,99.98,2024-05-26,East
ORD002742,Books,2,66.26,2024-05-21,East
ORD002743,Electronics,5,593.47,2024-11-16,West
ORD002744,Sports & Outdoors,1,109.77,2024-05-09,North
ORD002745,Books,4,82.38,2024-01-13,East
ORD002746,Sports & Outdoors,5,88.03,2024-09-26,South
ORD002747,Sports & Outdoors,4,393.12,2024-05-08,North
ORD002748,Clothing,4,302.89,2024-08-10,West
ORD002749,Clothing,3,84.63,2024-10-31,South
ORD002750,Clothing,2,184.72,2024-12-16,East
ORD002751,Clothing,5,314.04,2024-11-17,North
ORD002752,Clothing,3,185.75,2024-07-21,East
ORD002753,Home & Garden,4,538.68,2024-01-17,West
ORD002754,Clothing,1,83.45,2024-06-01,North
ORD002755,Home & Garden,3,254.0,2024-10-24,South
ORD002756,Home & Garden,4,133.08,2024-10-17,West
ORD002757,Sports & Outdoors,4,590.64,2024-04-15,North
ORD002758,Electronics,3,1243.07,2024-06-03,West
ORD002759,Sports & Outdoors,1,56.35,2024-06-06,East
ORD002760,Books,1,38.5,2024-12-19,North
ORD002761,Home & Garden,3,218.98,2024-05-28,North
ORD002762,Sports & Outdoors,3,67.53,2024-08-27,South
ORD002763,Clothing,3,76.43,2024-02-19,East
ORD002764,Books,1,30.66,2024-05-22,East
ORD002765,Books,3,55.5,2024-09-16,North
ORD002766,Clothing,3,246.33,2024-05-23,South
ORD002767,Electronics,3,482.13,2024-03-28,North
ORD002768,Books,1,22.35,2024-04-22,North
ORD002769,Sports & Outdoors,1,32.24,2024-07-31,North
ORD002770,Sports & Outdoors,3,238.07,2024-09-28,West
ORD002771,Electronics,3,833.08,2024-11-13,North
ORD002772,Electronics,4,479.22,2024-04-16,East
ORD002773,Sports & Outdoors,4,542.38,2024-07-28,South
ORD002774,Electronics,5,2478.89,2024-03-05,South
ORD002775,Books,5,62.02,2024-12-30,South
ORD002776,Sports & Outdoors,5,316.88,2024-02-25,West
ORD002777,Books,2,22.17,2024-01-13,East
ORD002778,Clothing,3,174.44,2024-04-09,South
ORD002779,Clothing,4,399.72,2024-07-13,East
ORD002780,Clothing,1,46.93,2024-03-18,East
ORD002781,Electronics,4,1952.39,2024-11-13,North
ORD002782,Clothing,1,53.26,2024-02-05,South
ORD002783,Sports & Outdoors,3,312.03,2024-02-23,West
ORD002784,Home & Garden,3,171.87,2024-08-25,South
ORD002785,Electronics,5,2051.7,2024-07-06,North
ORD002786,Books,3,71.24,2024-06-24,North
ORD002787,Home & Garden,4,272.89,2024-07-31,North
ORD002788,Sports & Outdoors,5,216.59,2024-03-20,West
ORD002789,Electronics,1,62.74,2024-11-23,North
ORD002790,Clothing,4,210.02,2024-03-24,West
ORD002791,Sports & Outdoors,1,15.12,2024-09-11,North
ORD002792,Electronics,4,1980.06,2024-03-02,West
ORD002793,Home & Garden,2,277.61,2024-08-26,East
ORD002794,Electronics,3,1487.6,2024-06-11,North
ORD002795,Electronics,1,405.7,2024-03-03,South
ORD002796,Books,5,135.4,2024-04-14,North
ORD002797,Clothing,4,293.39,2024-07-31,North
ORD002798,Home & Garden,5,453.3,2024-11-19,East
ORD002799,Books,3,116.39,2024-06-30,South
ORD002800,Sports & Outdoors,2,273.42,2024-04-05,South
ORD002801,Clothing,5,190.7,2024-11-03,West
ORD002802,Sports & Outdoors,3,148.4,2024-11-17,West
ORD002803,Sports & Outdoors,1,37.08,2024-03-03,West
ORD002804,Clothing,3,185.0,2024-07-25,South
ORD002805,Sports & Outdoors,3,110.81,2024-09-18,North
ORD002806,Clothing,5,176.27,2024-10-22,East
ORD002807,Sports & Outdoors,3,291.83,2024-07-20,East
ORD002808,Electronics,5,2058.16,2024-02-04,North
ORD002809,Home & Garden,3,242.1,2024-01-03,West
ORD002810,Electronics,2,884.24,2024-06-19,West
ORD002811,Sports & Outdoors,4,523.62,2024-03-20,South
ORD002812,Books,4,134.12,2024-12-07,South
ORD002813,Electronics,3,1344.32,2024-12-03,South
ORD002814,Sports & Outdoors,2,135.19,2024-07-19,West
ORD002815,Home & Garden,2,185.79,2024-10-10,North
ORD002816,Electronics,1,377.76,2024-10-16,South
ORD002817,Clothing,2,113.46,2024-04-05,North
ORD002818,Books,4,49.92,2024-07-04,North
ORD002819,Books,5,50.37,2024-06-06,North
ORD002820,Clothing,2,89.08,2024-05-10,South
ORD002821,Sports & Outdoors,2,221.75,2024-06-12,South
ORD002822,Clothing,4,186.14,2024-11-11,West
ORD002823,Clothing,4,319.67,2024-12-21,West
ORD002824,Electronics,3,327.1,2024-01-16,East
ORD002825,Sports & Outdoors,5,499.61,2024-07-05,North
ORD002826,Sports & Outdoors,1,123.94,2024-07-18,South
ORD002827,Clothing,4,321.14,2024-10-11,East
ORD002828,Home & Garden,2,115.72,2024-11-08,West
ORD002829,Sports & Outdoors,2,166.45,2024-04-13,West
ORD002830,Electronics,5,2354.3,2024-10-16,East
ORD002831,Home & Garden,1,102.86,2024-11-20,South
ORD002832,Clothing,4,366.93,2024-08-14,South
ORD002833,Clothing,1,55.46,2024-11-08,East
ORD002834,Home & Garden,3,154.08,2024-02-10,South
ORD002835,Books,5,149.19,2024-06-06,East
ORD002836,Clothing,4,191.56,2024-11-06,North
ORD002837,Books,5,121.63,2024-06-01,East
ORD002838,Electronics,1,382.62,2024-01-24,North
ORD002839,Clothing,1,25.9,2024-09-02,South
ORD002840,Clothing,1,34.88,2024-05-30,West
ORD002841,Home & Garden,1,51.22,2024-09-02,East
ORD002842,Clothing,1,62.32,2024-06-29,West
ORD002843,Books,5,67.47,2024-06-23,East
ORD002844,Sports & Outdoors,5,375.92,2024-10-05,West
ORD002845,Books,3,44.77,2024-05-24,East
ORD002846,Electronics,2,386.43,2024-07-05,East
ORD002847,Electronics,5,465.44,2024-08-26,East
ORD002848,Home & Garden,2,236.87,2024-03-16,West
ORD002849,Sports & Outdoors,2,212.62,2024-03-08,South
ORD002850,Sports & Outdoors,5,161.43,2024-12-04,North
ORD002851,Electronics,4,308.06,2024-09-27,East
ORD002852,Electronics,5,2198.87,2024-09-07,South
ORD002853,Electronics,2,365.23,2024-04-09,West
ORD002854,Electronics,1,89.78,2024-06-13,East
ORD002855,Sports & Outdoors,4,593.56,2024-08-18,West
ORD002856,Sports & Outdoors,1,49.61,2024-09-22,West
ORD002857,Electronics,5,2088.32,2024-05-24,South
ORD002858,Books,3,60.76,2024-08-27,East
ORD002859,Sports & Outdoors,5,410.42,2024-08-05,West
ORD002860,Clothing,5,107.82,2024-02-12,South
ORD002861,Electronics,2,367.27,2024-05-18,South
ORD002862,Home & Garden,1,147.78,2024-10-10,West
ORD002863,Electronics,5,2374.29,2024-07-10,South
ORD002864,Home & Garden,4,506.92,2024-11-30,West
ORD002865,Electronics,3,876.64,2024-02-03,North
ORD002866,Sports & Outdoors,2,44.53,2024-05-05,South
ORD002867,Books,2,59.16,2024-02-03,South
ORD002868,Clothing,2,59.39,2024-01-16,South
ORD002869,Sports & Outdoors,3,175.89,2024-07-07,South
ORD002870,Sports & Outdoors,3,129.0,2024-07-24,South
ORD002871,Books,5,124.75,2024-03-13,South
ORD002872,Sports & Outdoors,1,34.08,2024-09-09,West
ORD002873,Electronics,1,408.34,2024-09-18,East
ORD002874,Home & Garden,5,158.33,2024-03-23,North
ORD002875,Home & Garden,5,437.31,2024-07-23,North
ORD002876,Sports & Outdoors,5,709.4,2024-05-05,West
ORD002877,Electronics,5,1496.77,2024-09-29,North
ORD002878,Sports & Outdoors,4,153.07,2024-10-31,North
ORD002879,Electronics,1,422.08,2024-05-14,West
ORD002880,Books,2,67.29,2024-03-31,East
ORD002881,Home & Garden,4,189.91,2024-05-10,West
ORD002882,Home & Garden,3,93.91,2024-03-06,West
ORD002883,Sports & Outdoors,4,196.88,2024-03-06,West
ORD002884,Electronics,1,268.39,2024-01-24,South
ORD002885,Books,5,59.53,2024-02-19,North
ORD002886,Clothing,2,110.4,2024-10-07,East
ORD002887,Electronics,1,405.68,2024-06-28,West
ORD002888,Sports & Outdoors,5,230.34,2024-04-10,West
ORD002889,Home & Garden,2,268.03,2024-04-01,North
ORD002890,Home & Garden,3,86.69,2024-10-19,West
ORD002891,Electronics,3,838.1,2024-04-19,West
ORD002892,Clothing,4,357.45,2024-03-18,North
ORD002893,Books,3,101.92,2024-04-27,North
ORD002894,Books,5,110.75,2024-10-09,South
ORD002895,Books,1,17.13,2024-12-12,West
ORD002896,Electronics,4,699.58,2024-07-04,East
ORD002897,Clothing,1,92.97,2024-01-09,South
ORD002898,Clothing,5,296.34,2024-03-15,North
ORD002899,Sports & Outdoors,1,59.74,2024-02-25,East
ORD002900,Electronics,3,601.53,2024-08-27,North
ORD002901,Home & Garden,5,260.24,2024-08-29,East
ORD002902,Sports & Outdoors,1,121.18,2024-05-08,West
ORD002903,Clothing,5,443.55,2024-08-03,West
ORD002904,Clothing,3,168.0,2024-04-19,West
ORD002905,Books,5,105.1,2024-01-30,East
ORD002906,Electronics,1,332.32,2024-03-20,North
ORD002907,Sports & Outdoors,1,148.67,2024-04-15,South
ORD002908,Books,4,103.38,2024-03-19,South
ORD002909,Sports & Outdoors,1,67.8,2024-11-29,South
ORD002910,Clothing,2,113.58,2024-10-27,South
ORD002911,Electronics,3,1287.36,2024-11-28,North
ORD002912,Sports & Outdoors,5,359.35,2024-09-01,East
ORD002913,Electronics,5,2483.35,2024-12-03,East
ORD002914,Electronics,2,982.43,2024-10-12,North
ORD002915,Clothing,5,235.06,2024-02-03,West
ORD002916,Books,3,94.62,2024-06-20,West
ORD002917,Electronics,1,312.79,2024-12-14,West
ORD002918,Electronics,3,1472.19,2024-10-12,North
ORD002919,Sports & Outdoors,2,203.14,2024-05-21,South
ORD002920,Home & Garden,2,279.37,2024-05-11,South
ORD002921,Sports & Outdoors,2,155.31,2024-01-01,North
ORD002922,Sports & Outdoors,1,55.26,2024-04-08,North
ORD002923,Clothing,2,142.87,2024-07-08,West
ORD002924,Books,1,26.16,2024-03-18,North
ORD002925,Home & Garden,3,210.09,2024-06-08,South
ORD002926,Sports & Outdoors,5,609.61,2024-07-11,South
ORD002927,Sports & Outdoors,2,172.25,2024-06-30,West
ORD002928,Books,2,61.79,2024-01-28,West
ORD002929,Sports & Outdoors,4,304.1,2024-07-31,North
ORD002930,Books,5,127.05,2024-05-03,West
ORD002931,Electronics,4,349.6,2024-02-28,East
ORD002932,Books,1,22.19,2024-02-28,East
ORD002933,Electronics,3,1189.15,2024-05-14,North
ORD002934,Clothing,4,83.2,2024-01-10,South
ORD002935,Clothing,2,49.19,2024-08-28,South
ORD002936,Books,3,106.33,2024-09-06,West
ORD002937,Clothing,3,284.76,2024-09-22,West
ORD002938,Books,5,182.82,2024-10-18,North
ORD002939,Home & Garden,1,91.26,2024-09-23,West
ORD002940,Sports & Outdoors,1,105.11,2024-10-21,West
ORD002941,Sports & Outdoors,3,76.65,2024-11-13,South
ORD002942,Electronics,3,1386.3,2024-10-10,East
ORD002943,Clothing,4,199.75,2024-02-15,North
ORD002944,Sports & Outdoors,1,33.41,2024-11-14,South
ORD002945,Clothing,1,81.07,2024-07-22,South
ORD002946,Sports & Outdoors,5,472.39,2024-12-13,North
ORD002947,Sports & Outdoors,3,113.85,2024-05-25,West
ORD002948,Electronics,1,133.69,2024-09-17,South
ORD002949,Books,3,108.59,2024-08-28,East
ORD002950,Home & Garden,3,288.46,2024-06-21,North
ORD002951,Books,3,73.17,2024-03-07,South
ORD002952,Home & Garden,5,281.95,2024-10-27,North
ORD002953,Sports & Outdoors,4,232.14,2024-06-05,North
ORD002954,Electronics,3,1392.49,2024-07-06,East
ORD002955,Books,2,48.19,2024-01-29,East
ORD002956,Electronics,4,1917.7,2024-06-14,South
ORD002957,Clothing,1,78.5,2024-12-15,East
ORD002958,Electronics,4,1230.69,2024-05-26,East
ORD002959,Electronics,1,328.53,2024-01-06,West
ORD002960,Books,1,27.48,2024-05-11,East
ORD002961,Sports & Outdoors,5,585.69,2024-04-09,South
ORD002962,Home & Garden,5,630.11,2024-04-25,West
ORD002963,Home & Garden,3,283.46,2024-01-19,East
ORD002964,Home & Garden,2,38.67,2024-08-05,West
ORD002965,Books,4,129.18,2024-02-17,West
ORD002966,Clothing,5,380.09,2024-01-22,North
ORD002967,Electronics,3,610.67,2024-07-01,South
ORD002968,Sports & Outdoors,3,236.61,2024-03-10,North
ORD002969,Sports & Outdoors,1,17.61,2024-09-17,West
ORD002970,Sports & Outdoors,1,149.5,2024-04-08,East
ORD002971,Electronics,4,1689.04,2024-05-06,West
ORD002972,Home & Garden,5,666.03,2024-03-25,East
ORD002973,Sports & Outdoors,4,245.29,2024-09-24,North
ORD002974,Home & Garden,2,272.25,2024-04-05,East
ORD002975,Home & Garden,4,278.27,2024-02-01,South
ORD002976,Home & Garden,1,75.23,2024-12-07,North
ORD002977,Electronics,4,1993.9,2024-05-22,East
ORD002978,Clothing,1,67.44,2024-09-03,East
ORD002979,Books,5,107.89,2024-05-12,West
ORD002980,Clothing,1,21.33,2024-03-28,West
ORD002981,Electronics,4,702.96,2024-09-09,South
ORD002982,Clothing,2,172.31,2024-11-06,West
ORD002983,Home & Garden,5,720.82,2024-06-01,North
ORD002984,Home & Garden,5,189.21,2024-07-08,East
ORD002985,Clothing,2,57.13,2024-01-03,West
ORD002986,Sports & Outdoors,2,114.35,2024-11-22,West
ORD002987,Home & Garden,4,519.73,2024-06-21,North
ORD002988,Books,5,182.51,2024-12-08,North
ORD002989,Home & Garden,4,454.48,2024-06-05,North
ORD002990,Home & Garden,5,595.79,2024-08-29,East
ORD002991,Sports & Outdoors,4,251.61,2024-09-18,South
ORD002992,Electronics,2,309.52,2024-02-12,North
ORD002993,Sports & Outdoors,1,115.74,2024-11-04,West
ORD002994,Clothing,4,283.95,2024-04-27,North
ORD002995,Sports & Outdoors,2,221.49,2024-09-01,West
ORD002996,Clothing,5,199.91,2024-04-15,South
ORD002997,Electronics,4,1779.28,2024-10-23,West
ORD002998,Electronics,5,1210.26,2024-01-19,East
ORD002999,Electronics,5,624.6,2024-05-20,East
